"filename","id_no","seasonal","binomial","category","path"
"64174_1",64174,1,"Urosaurus ornatus","LC","G:\Priority program\Re-PriorityProgram20220903\ReAOH\REPTILES\64174_1.tif"
"109464812_1",109464812,1,"Ctenotus vertebralis","LC","G:\Priority program\Re-PriorityProgram20220903\ReAOH\REPTILES\109464812_1.tif"
"183190_1",183190,1,"Dendrelaphis caudolineatus","LC","G:\Priority program\Re-PriorityProgram20220903\ReAOH\REPTILES\183190_1.tif"
"178457_1",178457,1,"Lerista walkeri","LC","G:\Priority program\Re-PriorityProgram20220903\ReAOH\REPTILES\178457_1.tif"
"114619326_1",114619326,1,"Sphenomorphus courcyanus","LC","G:\Priority program\Re-PriorityProgram20220903\ReAOH\REPTILES\114619326_1.tif"
"99943233_1",99943233,1,"Cnemaspis omari","LC","G:\Priority program\Re-PriorityProgram20220903\ReAOH\REPTILES\99943233_1.tif"
"177573_1",177573,1,"Platysaurus pungweensis","LC","G:\Priority program\Re-PriorityProgram20220903\ReAOH\REPTILES\177573_1.tif"
"29468_1",29468,1,"Anolis wermuthi","EN","G:\Priority program\Re-PriorityProgram20220903\ReAOH\REPTILES\29468_1.tif"
"104762374_1",104762374,1,"Jarujinia bipedalis","LC","G:\Priority program\Re-PriorityProgram20220903\ReAOH\REPTILES\104762374_1.tif"
"48839132_1",48839132,1,"Ablepharus lindbergi","LC",NA
"178365_1",178365,1,"Pseudemoia baudini","LC","G:\Priority program\Re-PriorityProgram20220903\ReAOH\REPTILES\178365_1.tif"
"172957_1",172957,1,"Amphiglossus gastrostictus","DD","G:\Priority program\Re-PriorityProgram20220903\ReAOH\REPTILES\172957_1.tif"
"104717713_1",104717713,1,"Gekko palmatus","LC","G:\Priority program\Re-PriorityProgram20220903\ReAOH\REPTILES\104717713_1.tif"
"131681739_1",131681739,1,"Pristurus rupestris","LC","G:\Priority program\Re-PriorityProgram20220903\ReAOH\REPTILES\131681739_1.tif"
"17450397_1",17450397,1,"Agama bottegi","DD","G:\Priority program\Re-PriorityProgram20220903\ReAOH\REPTILES\17450397_1.tif"
"17450397_3",17450397,3,"Agama bottegi","DD","G:\Priority program\Re-PriorityProgram20220903\ReAOH\REPTILES\17450397_3.tif"
"170408_1",170408,1,"Paralaudakia lehmanni","LC","G:\Priority program\Re-PriorityProgram20220903\ReAOH\REPTILES\170408_1.tif"
"197480_1",197480,1,"Crotalus simus","LC","G:\Priority program\Re-PriorityProgram20220903\ReAOH\REPTILES\197480_1.tif"
"42492736_1",42492736,1,"Cylindrophis opisthorhodus","LC","G:\Priority program\Re-PriorityProgram20220903\ReAOH\REPTILES\42492736_1.tif"
"17451431_1",17451431,1,"Trachylepis aureogularis","LC","G:\Priority program\Re-PriorityProgram20220903\ReAOH\REPTILES\17451431_1.tif"
"15202912_1",15202912,1,"Micrurus lemniscatus","LC","G:\Priority program\Re-PriorityProgram20220903\ReAOH\REPTILES\15202912_1.tif"
"203087_1",203087,1,"Anolis cryptolimifrons","LC","G:\Priority program\Re-PriorityProgram20220903\ReAOH\REPTILES\203087_1.tif"
"104698393_1",104698393,1,"Cyrtodactylus phuocbinhensis","LC","G:\Priority program\Re-PriorityProgram20220903\ReAOH\REPTILES\104698393_1.tif"
"63721_1",63721,1,"Ophisaurus ventralis","LC","G:\Priority program\Re-PriorityProgram20220903\ReAOH\REPTILES\63721_1.tif"
"104651817_1",104651817,1,"Pseudocalotes microlepis","LC","G:\Priority program\Re-PriorityProgram20220903\ReAOH\REPTILES\104651817_1.tif"
"124310365_1",124310365,1,"Limaformosa chanleri","LC","G:\Priority program\Re-PriorityProgram20220903\ReAOH\REPTILES\124310365_1.tif"
"109476573_1",109476573,1,"Lerista kingi","LC","G:\Priority program\Re-PriorityProgram20220903\ReAOH\REPTILES\109476573_1.tif"
"64304417_1",64304417,1,"Cyrtodactylus medioclivus","DD","G:\Priority program\Re-PriorityProgram20220903\ReAOH\REPTILES\64304417_1.tif"
"102795671_1",102795671,1,"Gehyra spheniscus","LC","G:\Priority program\Re-PriorityProgram20220903\ReAOH\REPTILES\102795671_1.tif"
"96265253_1",96265253,1,"Plestiodon finitimus","LC","G:\Priority program\Re-PriorityProgram20220903\ReAOH\REPTILES\96265253_1.tif"
"22476768_1",22476768,1,"Letheobia pembana","DD",NA
"102794881_1",102794881,1,"Gehyra lazelli","LC","G:\Priority program\Re-PriorityProgram20220903\ReAOH\REPTILES\102794881_1.tif"
"203028_1",203028,1,"Celestus cyanochloris","LC","G:\Priority program\Re-PriorityProgram20220903\ReAOH\REPTILES\203028_1.tif"
"176335_1",176335,1,"Hebius inas","LC","G:\Priority program\Re-PriorityProgram20220903\ReAOH\REPTILES\176335_1.tif"
"203114_1",203114,1,"Anolis poecilopus","LC","G:\Priority program\Re-PriorityProgram20220903\ReAOH\REPTILES\203114_1.tif"
"196555_1",196555,1,"Hypsilurus modestus","LC","G:\Priority program\Re-PriorityProgram20220903\ReAOH\REPTILES\196555_1.tif"
"110164730_1",110164730,1,"Platysaurus minor","LC","G:\Priority program\Re-PriorityProgram20220903\ReAOH\REPTILES\110164730_1.tif"
"64144_1",64144,1,"Sceloporus siniferus","LC","G:\Priority program\Re-PriorityProgram20220903\ReAOH\REPTILES\64144_1.tif"
"178286_1",178286,1,"Rhinophis drummondhayi","EN","G:\Priority program\Re-PriorityProgram20220903\ReAOH\REPTILES\178286_1.tif"
"136697925_1",136697925,1,"Lygosoma siamensis","LC","G:\Priority program\Re-PriorityProgram20220903\ReAOH\REPTILES\136697925_1.tif"
"63847_1",63847,1,"Masticophis bilineatus","LC","G:\Priority program\Re-PriorityProgram20220903\ReAOH\REPTILES\63847_1.tif"
"62256_1",62256,1,"Trionyx triunguis","VU","G:\Priority program\Re-PriorityProgram20220903\ReAOH\REPTILES\62256_1.tif"
"190599_1",190599,1,"Uromacer frenatus","NT","G:\Priority program\Re-PriorityProgram20220903\ReAOH\REPTILES\190599_1.tif"
"192218_1",192218,1,"Calamaria sumatrana","LC","G:\Priority program\Re-PriorityProgram20220903\ReAOH\REPTILES\192218_1.tif"
"14765_1",14765,1,"Nilssonia formosa","CR","G:\Priority program\Re-PriorityProgram20220903\ReAOH\REPTILES\14765_1.tif"
"63748_1",63748,1,"Coluber constrictor","LC","G:\Priority program\Re-PriorityProgram20220903\ReAOH\REPTILES\63748_1.tif"
"56040327_1",56040327,1,"Micrurus baliocoryphus","LC","G:\Priority program\Re-PriorityProgram20220903\ReAOH\REPTILES\56040327_1.tif"
"50956296_1",50956296,1,"Erythrolamprus trebbaui","LC","G:\Priority program\Re-PriorityProgram20220903\ReAOH\REPTILES\50956296_1.tif"
"203556_1",203556,1,"Omoadiphas cannula","CR","G:\Priority program\Re-PriorityProgram20220903\ReAOH\REPTILES\203556_1.tif"
"75605406_1",75605406,1,"Sphaerodactylus dimorphicus","EN","G:\Priority program\Re-PriorityProgram20220903\ReAOH\REPTILES\75605406_1.tif"
"42494136_1",42494136,1,"Simalia nauta","DD","G:\Priority program\Re-PriorityProgram20220903\ReAOH\REPTILES\42494136_1.tif"
"120685367_1",120685367,1,"Monopeltis schoutedeni","LC","G:\Priority program\Re-PriorityProgram20220903\ReAOH\REPTILES\120685367_1.tif"
"176189_1",176189,1,"Kanakysaurus zebratus","EN","G:\Priority program\Re-PriorityProgram20220903\ReAOH\REPTILES\176189_1.tif"
"42484141_1",42484141,1,"Emoia irianensis","LC","G:\Priority program\Re-PriorityProgram20220903\ReAOH\REPTILES\42484141_1.tif"
"13152348_1",13152348,1,"Chalcides thierryi","LC","G:\Priority program\Re-PriorityProgram20220903\ReAOH\REPTILES\13152348_1.tif"
"109477324_1",109477324,1,"Lerista quadrivincula","DD",NA
"109475847_1",109475847,1,"Lerista edwardsae","LC","G:\Priority program\Re-PriorityProgram20220903\ReAOH\REPTILES\109475847_1.tif"
"109462733_1",109462733,1,"Cryptoblepharus ruber","LC","G:\Priority program\Re-PriorityProgram20220903\ReAOH\REPTILES\109462733_1.tif"
"203133_1",203133,1,"Anolis yoroensis","EN","G:\Priority program\Re-PriorityProgram20220903\ReAOH\REPTILES\203133_1.tif"
"192236_1",192236,1,"Calamaria borneensis","LC",NA
"125554212_1",125554212,1,"Cyrtodactylus gialaiensis","CR",NA
"89928617_1",89928617,1,"Siphlophis ayauma","LC","G:\Priority program\Re-PriorityProgram20220903\ReAOH\REPTILES\89928617_1.tif"
"196578_1",196578,1,"Lepidodactylus guppyi","LC","G:\Priority program\Re-PriorityProgram20220903\ReAOH\REPTILES\196578_1.tif"
"102965764_1",102965764,1,"Calyptotis scutirostrum","LC","G:\Priority program\Re-PriorityProgram20220903\ReAOH\REPTILES\102965764_1.tif"
"172929_1",172929,1,"Brygophis coulangesi","VU","G:\Priority program\Re-PriorityProgram20220903\ReAOH\REPTILES\172929_1.tif"
"64169_1",64169,1,"Urosaurus clarionensis","VU","G:\Priority program\Re-PriorityProgram20220903\ReAOH\REPTILES\64169_1.tif"
"18917757_1",18917757,1,"Goniurosaurus orientalis","EN","G:\Priority program\Re-PriorityProgram20220903\ReAOH\REPTILES\18917757_1.tif"
"44579362_1",44579362,1,"Lepidoblepharis grandis","VU","G:\Priority program\Re-PriorityProgram20220903\ReAOH\REPTILES\44579362_1.tif"
"102683576_1",102683576,1,"Rhynchoedura eyrensis","LC","G:\Priority program\Re-PriorityProgram20220903\ReAOH\REPTILES\102683576_1.tif"
"104776718_1",104776718,1,"Sphenomorphus sheai","DD","G:\Priority program\Re-PriorityProgram20220903\ReAOH\REPTILES\104776718_1.tif"
"63851_1",63851,1,"Mastigodryas melanolomus","LC","G:\Priority program\Re-PriorityProgram20220903\ReAOH\REPTILES\63851_1.tif"
"61480_1",61480,1,"Chalcides mertensi","LC","G:\Priority program\Re-PriorityProgram20220903\ReAOH\REPTILES\61480_1.tif"
"22528844_1",22528844,1,"Hypsilurus capreolatus","LC","G:\Priority program\Re-PriorityProgram20220903\ReAOH\REPTILES\22528844_1.tif"
"194060_1",194060,1,"Trimeresurus fasciatus","EN","G:\Priority program\Re-PriorityProgram20220903\ReAOH\REPTILES\194060_1.tif"
"17450494_1",17450494,1,"Agama finchi","LC","G:\Priority program\Re-PriorityProgram20220903\ReAOH\REPTILES\17450494_1.tif"
"211754466_1",211754466,1,"Smaug barbertonensis","LC","G:\Priority program\Re-PriorityProgram20220903\ReAOH\REPTILES\211754466_1.tif"
"15181427_1",15181427,1,"Phalotris cuyanus","LC","G:\Priority program\Re-PriorityProgram20220903\ReAOH\REPTILES\15181427_1.tif"
"193491_1",193491,1,"Phelsuma kochi","LC","G:\Priority program\Re-PriorityProgram20220903\ReAOH\REPTILES\193491_1.tif"
"15183187_1",15183187,1,"Thamnodynastes rutilus","LC","G:\Priority program\Re-PriorityProgram20220903\ReAOH\REPTILES\15183187_1.tif"
"196585_1",196585,1,"Lepidodactylus tepukapili","CR","G:\Priority program\Re-PriorityProgram20220903\ReAOH\REPTILES\196585_1.tif"
"109464783_1",109464783,1,"Ctenotus uber","LC","G:\Priority program\Re-PriorityProgram20220903\ReAOH\REPTILES\109464783_1.tif"
"83493478_1",83493478,1,"Pogona microlepidota","LC","G:\Priority program\Re-PriorityProgram20220903\ReAOH\REPTILES\83493478_1.tif"
"75601065_1",75601065,1,"Mitophis calypso","CR","G:\Priority program\Re-PriorityProgram20220903\ReAOH\REPTILES\75601065_1.tif"
"196983_1",196983,1,"Meroles cuneirostris","LC","G:\Priority program\Re-PriorityProgram20220903\ReAOH\REPTILES\196983_1.tif"
"176830_1",176830,1,"Liophidium vaillanti","LC","G:\Priority program\Re-PriorityProgram20220903\ReAOH\REPTILES\176830_1.tif"
"66082511_1",66082511,1,"Loxopholis caparensis","DD","G:\Priority program\Re-PriorityProgram20220903\ReAOH\REPTILES\66082511_1.tif"
"104839041_1",104839041,1,"Boiga tanahjampeana","EN","G:\Priority program\Re-PriorityProgram20220903\ReAOH\REPTILES\104839041_1.tif"
"150254798_1",150254798,1,"Rhoptropus montanus","LC","G:\Priority program\Re-PriorityProgram20220903\ReAOH\REPTILES\150254798_1.tif"
"178201_1",178201,1,"Sphaerodactylus difficilis","LC","G:\Priority program\Re-PriorityProgram20220903\ReAOH\REPTILES\178201_1.tif"
"177507_1",177507,1,"Tantilla vermiformis","LC","G:\Priority program\Re-PriorityProgram20220903\ReAOH\REPTILES\177507_1.tif"
"104836850_1",104836850,1,"Calamaria apraeocularis","CR","G:\Priority program\Re-PriorityProgram20220903\ReAOH\REPTILES\104836850_1.tif"
"109476765_1",109476765,1,"Lerista micra","LC","G:\Priority program\Re-PriorityProgram20220903\ReAOH\REPTILES\109476765_1.tif"
"17797_1",17797,1,"Podarcis milensis","VU","G:\Priority program\Re-PriorityProgram20220903\ReAOH\REPTILES\17797_1.tif"
"203109_1",203109,1,"Anolis morazani","CR","G:\Priority program\Re-PriorityProgram20220903\ReAOH\REPTILES\203109_1.tif"
"192103_1",192103,1,"Rhabdophis conspicillatus","LC","G:\Priority program\Re-PriorityProgram20220903\ReAOH\REPTILES\192103_1.tif"
"44582018_1",44582018,1,"Micrurus psyches","LC","G:\Priority program\Re-PriorityProgram20220903\ReAOH\REPTILES\44582018_1.tif"
"169866_1",169866,1,"Emoia ruficauda","DD","G:\Priority program\Re-PriorityProgram20220903\ReAOH\REPTILES\169866_1.tif"
"75086365_1",75086365,1,"Anolis sheplani","EN","G:\Priority program\Re-PriorityProgram20220903\ReAOH\REPTILES\75086365_1.tif"
"178301_1",178301,1,"Sphaerodactylus nicholsi","LC","G:\Priority program\Re-PriorityProgram20220903\ReAOH\REPTILES\178301_1.tif"
"61571_1",61571,1,"Chalcides sepsoides","LC","G:\Priority program\Re-PriorityProgram20220903\ReAOH\REPTILES\61571_1.tif"
"202854_1",202854,1,"Bronchocela rubrigularis","DD","G:\Priority program\Re-PriorityProgram20220903\ReAOH\REPTILES\202854_1.tif"
"61463_1",61463,1,"Acanthodactylus spinicauda","CR","G:\Priority program\Re-PriorityProgram20220903\ReAOH\REPTILES\61463_1.tif"
"102673884_1",102673884,1,"Diplodactylus polyophthalmus","VU","G:\Priority program\Re-PriorityProgram20220903\ReAOH\REPTILES\102673884_1.tif"
"178366_1",178366,1,"Liolaemus pleopholis","LC","G:\Priority program\Re-PriorityProgram20220903\ReAOH\REPTILES\178366_1.tif"
"16985_1",16985,1,"Philodryas chamissonis","LC","G:\Priority program\Re-PriorityProgram20220903\ReAOH\REPTILES\16985_1.tif"
"197498_1",197498,1,"Leptodeira septentrionalis","LC","G:\Priority program\Re-PriorityProgram20220903\ReAOH\REPTILES\197498_1.tif"
"74875672_1",74875672,1,"Leptophis haileyi","DD","G:\Priority program\Re-PriorityProgram20220903\ReAOH\REPTILES\74875672_1.tif"
"102966356_1",102966356,1,"Carlia munda","LC","G:\Priority program\Re-PriorityProgram20220903\ReAOH\REPTILES\102966356_1.tif"
"56060266_1",56060266,1,"Liolaemus foxi","LC","G:\Priority program\Re-PriorityProgram20220903\ReAOH\REPTILES\56060266_1.tif"
"50011998_1",50011998,1,"Cnemidophorus nigricolor","LC","G:\Priority program\Re-PriorityProgram20220903\ReAOH\REPTILES\50011998_1.tif"
"104716724_1",104716724,1,"Cyrtodactylus thirakhupti","NT",NA
"66080108_1",66080108,1,"Anolis planiceps","LC","G:\Priority program\Re-PriorityProgram20220903\ReAOH\REPTILES\66080108_1.tif"
"22528785_1",22528785,1,"Diporiphora superba","LC","G:\Priority program\Re-PriorityProgram20220903\ReAOH\REPTILES\22528785_1.tif"
"64003414_1",64003414,1,"Phrynonax polylepis","LC","G:\Priority program\Re-PriorityProgram20220903\ReAOH\REPTILES\64003414_1.tif"
"44578351_1",44578351,1,"Arthrosaura tyleri","LC",NA
"197458_1",197458,1,"Atropoides mexicanus","LC","G:\Priority program\Re-PriorityProgram20220903\ReAOH\REPTILES\197458_1.tif"
"47755599_1",47755599,1,"Alsophylax szczerbaki","VU","G:\Priority program\Re-PriorityProgram20220903\ReAOH\REPTILES\47755599_1.tif"
"109475436_1",109475436,1,"Lerista cinerea","NT","G:\Priority program\Re-PriorityProgram20220903\ReAOH\REPTILES\109475436_1.tif"
"178196_1",178196,1,"Trachylepis margaritifer","LC","G:\Priority program\Re-PriorityProgram20220903\ReAOH\REPTILES\178196_1.tif"
"63948_1",63948,1,"Tantilla impensa","LC","G:\Priority program\Re-PriorityProgram20220903\ReAOH\REPTILES\63948_1.tif"
"127937222_1",127937222,1,"Cnemaspis andersonii","DD",NA
"44582072_1",44582072,1,"Micrurus spixii","LC","G:\Priority program\Re-PriorityProgram20220903\ReAOH\REPTILES\44582072_1.tif"
"203510_1",203510,1,"Erythrolamprus guentheri","LC","G:\Priority program\Re-PriorityProgram20220903\ReAOH\REPTILES\203510_1.tif"
"176249_1",176249,1,"Celestus crusculus","LC","G:\Priority program\Re-PriorityProgram20220903\ReAOH\REPTILES\176249_1.tif"
"64228_1",64228,1,"Plestiodon gilberti","LC","G:\Priority program\Re-PriorityProgram20220903\ReAOH\REPTILES\64228_1.tif"
"47103082_1",47103082,1,"Psychosaura agmosticha","LC","G:\Priority program\Re-PriorityProgram20220903\ReAOH\REPTILES\47103082_1.tif"
"169837_1",169837,1,"Pinoyscincus abdictus","LC","G:\Priority program\Re-PriorityProgram20220903\ReAOH\REPTILES\169837_1.tif"
"169686_1",169686,1,"Rabdion forsteni","VU","G:\Priority program\Re-PriorityProgram20220903\ReAOH\REPTILES\169686_1.tif"
"50950708_1",50950708,1,"Stenocercus rhodomelas","VU","G:\Priority program\Re-PriorityProgram20220903\ReAOH\REPTILES\50950708_1.tif"
"203092_1",203092,1,"Anolis gruuo","EN","G:\Priority program\Re-PriorityProgram20220903\ReAOH\REPTILES\203092_1.tif"
"178395_1",178395,1,"Liolaemus signifer","NT","G:\Priority program\Re-PriorityProgram20220903\ReAOH\REPTILES\178395_1.tif"
"48442579_1",48442579,1,"Liolaemus incaicus","LC","G:\Priority program\Re-PriorityProgram20220903\ReAOH\REPTILES\48442579_1.tif"
"102665067_1",102665067,1,"Crenadactylus ocellatus","LC","G:\Priority program\Re-PriorityProgram20220903\ReAOH\REPTILES\102665067_1.tif"
"109477729_1",109477729,1,"Lerista wilkinsi","LC","G:\Priority program\Re-PriorityProgram20220903\ReAOH\REPTILES\109477729_1.tif"
"44579900_1",44579900,1,"Stenocercus guentheri","LC","G:\Priority program\Re-PriorityProgram20220903\ReAOH\REPTILES\44579900_1.tif"
"104699130_1",104699130,1,"Cyrtodactylus russelli","DD","G:\Priority program\Re-PriorityProgram20220903\ReAOH\REPTILES\104699130_1.tif"
"120189745_1",120189745,1,"Oligosoma nigriplantare","NT","G:\Priority program\Re-PriorityProgram20220903\ReAOH\REPTILES\120189745_1.tif"
"109463107_1",109463107,1,"Ctenotus calurus","LC","G:\Priority program\Re-PriorityProgram20220903\ReAOH\REPTILES\109463107_1.tif"
"192114_1",192114,1,"Hebius sauteri","LC","G:\Priority program\Re-PriorityProgram20220903\ReAOH\REPTILES\192114_1.tif"
"67611166_1",67611166,1,"Atractus taphorni","EN","G:\Priority program\Re-PriorityProgram20220903\ReAOH\REPTILES\67611166_1.tif"
"44581794_1",44581794,1,"Saphenophis atahuallpae","DD","G:\Priority program\Re-PriorityProgram20220903\ReAOH\REPTILES\44581794_1.tif"
"197499_1",197499,1,"Leptophis ahaetulla","LC","G:\Priority program\Re-PriorityProgram20220903\ReAOH\REPTILES\197499_1.tif"
"104716737_1",104716737,1,"Cyrtodactylus thuongae","VU","G:\Priority program\Re-PriorityProgram20220903\ReAOH\REPTILES\104716737_1.tif"
"50955935_1",50955935,1,"Erythrolamprus dorsocorallinus","LC","G:\Priority program\Re-PriorityProgram20220903\ReAOH\REPTILES\50955935_1.tif"
"178599_1",178599,1,"Lepidodactylus mutahi","DD","G:\Priority program\Re-PriorityProgram20220903\ReAOH\REPTILES\178599_1.tif"
"104778286_1",104778286,1,"Sphenomorphus zimmeri","DD",NA
"198526_1",198526,1,"Tretanorhinus nigroluteus","LC","G:\Priority program\Re-PriorityProgram20220903\ReAOH\REPTILES\198526_1.tif"
"56062792_1",56062792,1,"Liolaemus curicensis","LC","G:\Priority program\Re-PriorityProgram20220903\ReAOH\REPTILES\56062792_1.tif"
"56062739_1",56062739,1,"Liolaemus halonastes","VU","G:\Priority program\Re-PriorityProgram20220903\ReAOH\REPTILES\56062739_1.tif"
"42485275_1",42485275,1,"Sphenomorphus granulatus","LC","G:\Priority program\Re-PriorityProgram20220903\ReAOH\REPTILES\42485275_1.tif"
"192234_1",192234,1,"Trachischium monticola","LC","G:\Priority program\Re-PriorityProgram20220903\ReAOH\REPTILES\192234_1.tif"
"203817_1",203817,1,"Cynisca oligopholis","EN","G:\Priority program\Re-PriorityProgram20220903\ReAOH\REPTILES\203817_1.tif"
"44581834_1",44581834,1,"Saphenophis tristriatus","DD",NA
"153031021_1",153031021,1,"Cnemaspis muria","DD",NA
"13265215_1",13265215,1,"Dipsadoboa duchesnii","LC","G:\Priority program\Re-PriorityProgram20220903\ReAOH\REPTILES\13265215_1.tif"
"169862_1",169862,1,"Cyrtodactylus philippinicus","LC","G:\Priority program\Re-PriorityProgram20220903\ReAOH\REPTILES\169862_1.tif"
"178638_1",178638,1,"Liolaemus archeforus","LC","G:\Priority program\Re-PriorityProgram20220903\ReAOH\REPTILES\178638_1.tif"
"172760_1",172760,1,"Calumma tsaratananense","VU","G:\Priority program\Re-PriorityProgram20220903\ReAOH\REPTILES\172760_1.tif"
"203099_1",203099,1,"Anolis johnmeyeri","EN","G:\Priority program\Re-PriorityProgram20220903\ReAOH\REPTILES\203099_1.tif"
"48616735_1",48616735,1,"Stenocercus empetrus","LC","G:\Priority program\Re-PriorityProgram20220903\ReAOH\REPTILES\48616735_1.tif"
"164604_1",164604,1,"Telescopus nigriceps","LC","G:\Priority program\Re-PriorityProgram20220903\ReAOH\REPTILES\164604_1.tif"
"178470_1",178470,1,"Anilios hamatus","LC","G:\Priority program\Re-PriorityProgram20220903\ReAOH\REPTILES\178470_1.tif"
"56091627_1",56091627,1,"Liolaemus pulcherrimus","LC","G:\Priority program\Re-PriorityProgram20220903\ReAOH\REPTILES\56091627_1.tif"
"169848_1",169848,1,"Lipinia vulcania","DD","G:\Priority program\Re-PriorityProgram20220903\ReAOH\REPTILES\169848_1.tif"
"109463362_1",109463362,1,"Ctenotus eutaenius","LC","G:\Priority program\Re-PriorityProgram20220903\ReAOH\REPTILES\109463362_1.tif"
"203199_1",203199,1,"Liotyphlops caissara","LC","G:\Priority program\Re-PriorityProgram20220903\ReAOH\REPTILES\203199_1.tif"
"104718187_1",104718187,1,"Hemidactylus vietnamensis","LC","G:\Priority program\Re-PriorityProgram20220903\ReAOH\REPTILES\104718187_1.tif"
"99942829_1",99942829,1,"Cnemaspis dringi","DD","G:\Priority program\Re-PriorityProgram20220903\ReAOH\REPTILES\99942829_1.tif"
"44577307_1",44577307,1,"Anolis concolor","LC","G:\Priority program\Re-PriorityProgram20220903\ReAOH\REPTILES\44577307_1.tif"
"56085384_1",56085384,1,"Liolaemus pachecoi","LC","G:\Priority program\Re-PriorityProgram20220903\ReAOH\REPTILES\56085384_1.tif"
"110212151_1",110212151,1,"Lygodactylus lawrencei","LC","G:\Priority program\Re-PriorityProgram20220903\ReAOH\REPTILES\110212151_1.tif"
"44580143_1",44580143,1,"Chironius multiventris","LC","G:\Priority program\Re-PriorityProgram20220903\ReAOH\REPTILES\44580143_1.tif"
"47749690_1",47749690,1,"Laudakia agrorensis","LC","G:\Priority program\Re-PriorityProgram20220903\ReAOH\REPTILES\47749690_1.tif"
"99942442_1",99942442,1,"Dibamus ingeri","DD","G:\Priority program\Re-PriorityProgram20220903\ReAOH\REPTILES\99942442_1.tif"
"196946_1",196946,1,"Pachydactylus purcelli","LC","G:\Priority program\Re-PriorityProgram20220903\ReAOH\REPTILES\196946_1.tif"
"178679_1",178679,1,"Anolis ventrimaculatus","LC","G:\Priority program\Re-PriorityProgram20220903\ReAOH\REPTILES\178679_1.tif"
"61460_1",61460,1,"Acanthodactylus pardalis","VU","G:\Priority program\Re-PriorityProgram20220903\ReAOH\REPTILES\61460_1.tif"
"145974011_1",145974011,1,"Aspidura ravanai","CR","G:\Priority program\Re-PriorityProgram20220903\ReAOH\REPTILES\145974011_1.tif"
"42485651_1",42485651,1,"Sphenomorphus undulatus","LC","G:\Priority program\Re-PriorityProgram20220903\ReAOH\REPTILES\42485651_1.tif"
"104776211_1",104776211,1,"Sphenomorphus sananus","EN","G:\Priority program\Re-PriorityProgram20220903\ReAOH\REPTILES\104776211_1.tif"
"47755641_1",47755641,1,"Phrynocephalus euptilopus","LC","G:\Priority program\Re-PriorityProgram20220903\ReAOH\REPTILES\47755641_1.tif"
"172827_1",172827,1,"Paragehyra gabriellae","EN","G:\Priority program\Re-PriorityProgram20220903\ReAOH\REPTILES\172827_1.tif"
"83489886_1",83489886,1,"Ctenophorus vadnappa","LC","G:\Priority program\Re-PriorityProgram20220903\ReAOH\REPTILES\83489886_1.tif"
"21266155_1",21266155,1,"Latastia taylori","LC",NA
"109477885_1",109477885,1,"Liburnascincus mundivensis","LC","G:\Priority program\Re-PriorityProgram20220903\ReAOH\REPTILES\109477885_1.tif"
"178236_1",178236,1,"Lygodactylus picturatus","LC","G:\Priority program\Re-PriorityProgram20220903\ReAOH\REPTILES\178236_1.tif"
"64302_1",64302,1,"Bothriechis aurifer","VU","G:\Priority program\Re-PriorityProgram20220903\ReAOH\REPTILES\64302_1.tif"
"99931318_1",99931318,1,"Leiolepis ngovantrii","VU",NA
"104691242_1",104691242,1,"Cyrtodactylus hikidai","LC","G:\Priority program\Re-PriorityProgram20220903\ReAOH\REPTILES\104691242_1.tif"
"102673200_1",102673200,1,"Diplodactylus furcosus","LC","G:\Priority program\Re-PriorityProgram20220903\ReAOH\REPTILES\102673200_1.tif"
"176699_1",176699,1,"Hypsiscopus plumbea","LC","G:\Priority program\Re-PriorityProgram20220903\ReAOH\REPTILES\176699_1.tif"
"74994359_1",74994359,1,"Anolis acutus","LC","G:\Priority program\Re-PriorityProgram20220903\ReAOH\REPTILES\74994359_1.tif"
"66080041_1",66080041,1,"Amphisbaena vanzolini","LC","G:\Priority program\Re-PriorityProgram20220903\ReAOH\REPTILES\66080041_1.tif"
"42483029_1",42483029,1,"Lepidodactylus ranauensis","DD","G:\Priority program\Re-PriorityProgram20220903\ReAOH\REPTILES\42483029_1.tif"
"203119_1",203119,1,"Anolis quaggulus","LC","G:\Priority program\Re-PriorityProgram20220903\ReAOH\REPTILES\203119_1.tif"
"44579553_1",44579553,1,"Ameiva bifrontata","LC","G:\Priority program\Re-PriorityProgram20220903\ReAOH\REPTILES\44579553_1.tif"
"29475_1",29475,1,"Amphisbaena anaemariae","LC","G:\Priority program\Re-PriorityProgram20220903\ReAOH\REPTILES\29475_1.tif"
"102838116_1",102838116,1,"Anilios bituberculatus","LC","G:\Priority program\Re-PriorityProgram20220903\ReAOH\REPTILES\102838116_1.tif"
"66084010_1",66084010,1,"Gonatodes tapajonicus","VU","G:\Priority program\Re-PriorityProgram20220903\ReAOH\REPTILES\66084010_1.tif"
"172981_1",172981,1,"Phelsuma klemmeri","EN","G:\Priority program\Re-PriorityProgram20220903\ReAOH\REPTILES\172981_1.tif"
"192129_1",192129,1,"Boiga quincunciata","LC","G:\Priority program\Re-PriorityProgram20220903\ReAOH\REPTILES\192129_1.tif"
"44974254_1",44974254,1,"Acontias grayi","NT","G:\Priority program\Re-PriorityProgram20220903\ReAOH\REPTILES\44974254_1.tif"
"192169_1",192169,1,"Python brongersmai","LC","G:\Priority program\Re-PriorityProgram20220903\ReAOH\REPTILES\192169_1.tif"
"63893_1",63893,1,"Rhadinella hannsteini","DD","G:\Priority program\Re-PriorityProgram20220903\ReAOH\REPTILES\63893_1.tif"
"104686997_1",104686997,1,"Cyrtodactylus consobrinoides","DD",NA
"172883_1",172883,1,"Paroedura masobe","EN","G:\Priority program\Re-PriorityProgram20220903\ReAOH\REPTILES\172883_1.tif"
"110153584_1",110153584,1,"Prosymna sundevallii","LC","G:\Priority program\Re-PriorityProgram20220903\ReAOH\REPTILES\110153584_1.tif"
"44578433_1",44578433,1,"Bachia pyburni","LC","G:\Priority program\Re-PriorityProgram20220903\ReAOH\REPTILES\44578433_1.tif"
"178720_1",178720,1,"Bothrops jararacussu","LC","G:\Priority program\Re-PriorityProgram20220903\ReAOH\REPTILES\178720_1.tif"
"61565_1",61565,1,"Zamenis scalaris","LC","G:\Priority program\Re-PriorityProgram20220903\ReAOH\REPTILES\61565_1.tif"
"104699089_1",104699089,1,"Cyrtodactylus rufford","DD","G:\Priority program\Re-PriorityProgram20220903\ReAOH\REPTILES\104699089_1.tif"
"177579_1",177579,1,"Dibamus bourreti","LC","G:\Priority program\Re-PriorityProgram20220903\ReAOH\REPTILES\177579_1.tif"
"63800_1",63800,1,"Geophis juliai","VU","G:\Priority program\Re-PriorityProgram20220903\ReAOH\REPTILES\63800_1.tif"
"13301008_1",13301008,1,"Causus defilippii","LC","G:\Priority program\Re-PriorityProgram20220903\ReAOH\REPTILES\13301008_1.tif"
"15391_1",15391,1,"Opisthotropis kikuzatoi","CR","G:\Priority program\Re-PriorityProgram20220903\ReAOH\REPTILES\15391_1.tif"
"42679297_1",42679297,1,"Bradypodion gutturale","LC","G:\Priority program\Re-PriorityProgram20220903\ReAOH\REPTILES\42679297_1.tif"
"178632_1",178632,1,"Ichnotropis grandiceps","LC","G:\Priority program\Re-PriorityProgram20220903\ReAOH\REPTILES\178632_1.tif"
"122904352_1",122904352,1,"Sigaloseps conditus","EN","G:\Priority program\Re-PriorityProgram20220903\ReAOH\REPTILES\122904352_1.tif"
"196633_1",196633,1,"Sphenomorphus bignelli","LC","G:\Priority program\Re-PriorityProgram20220903\ReAOH\REPTILES\196633_1.tif"
"170407_1",170407,1,"Japalura variegata","LC","G:\Priority program\Re-PriorityProgram20220903\ReAOH\REPTILES\170407_1.tif"
"109475403_1",109475403,1,"Lerista chordae","VU","G:\Priority program\Re-PriorityProgram20220903\ReAOH\REPTILES\109475403_1.tif"
"199845_1",199845,1,"Pristurus schneideri","LC",NA
"178592_1",178592,1,"Anolis koopmani","CR","G:\Priority program\Re-PriorityProgram20220903\ReAOH\REPTILES\178592_1.tif"
"42687277_1",42687277,1,"Brookesia tristis","EN","G:\Priority program\Re-PriorityProgram20220903\ReAOH\REPTILES\42687277_1.tif"
"172833_1",172833,1,"Compsophis boulengeri","LC","G:\Priority program\Re-PriorityProgram20220903\ReAOH\REPTILES\172833_1.tif"
"22992_1",22992,1,"Montivipera latifii","EN","G:\Priority program\Re-PriorityProgram20220903\ReAOH\REPTILES\22992_1.tif"
"203019_1",203019,1,"Abronia vasconcelosii","VU","G:\Priority program\Re-PriorityProgram20220903\ReAOH\REPTILES\203019_1.tif"
"64003_1",64003,1,"Virginia valeriae","LC","G:\Priority program\Re-PriorityProgram20220903\ReAOH\REPTILES\64003_1.tif"
"48616516_1",48616516,1,"Stenocercus apurimacus","LC","G:\Priority program\Re-PriorityProgram20220903\ReAOH\REPTILES\48616516_1.tif"
"63807_1",63807,1,"Geophis nigrocinctus","DD","G:\Priority program\Re-PriorityProgram20220903\ReAOH\REPTILES\63807_1.tif"
"42484900_1",42484900,1,"Lipinia relicta","LC",NA
"141661195_1",141661195,1,"Stegonotus florensis","DD","G:\Priority program\Re-PriorityProgram20220903\ReAOH\REPTILES\141661195_1.tif"
"198439_1",198439,1,"Sphaerodactylus argus","LC","G:\Priority program\Re-PriorityProgram20220903\ReAOH\REPTILES\198439_1.tif"
"133837440_1",133837440,1,"Naja peroescobari","EN","G:\Priority program\Re-PriorityProgram20220903\ReAOH\REPTILES\133837440_1.tif"
"176359_1",176359,1,"Atractus pauciscutatus","DD",NA
"152010314_1",152010314,1,"Calamophis sharonbrooksae","DD",NA
"164736_1",164736,1,"Vipera lotievi","NT","G:\Priority program\Re-PriorityProgram20220903\ReAOH\REPTILES\164736_1.tif"
"198515_1",198515,1,"Stenodactylus petrii","LC","G:\Priority program\Re-PriorityProgram20220903\ReAOH\REPTILES\198515_1.tif"
"177519_1",177519,1,"Trimerodytes aequifasciatus","LC","G:\Priority program\Re-PriorityProgram20220903\ReAOH\REPTILES\177519_1.tif"
"20878708_1",20878708,1,"Philothamnus punctatus","LC","G:\Priority program\Re-PriorityProgram20220903\ReAOH\REPTILES\20878708_1.tif"
"176140_1",176140,1,"Nannoscincus gracilis","VU","G:\Priority program\Re-PriorityProgram20220903\ReAOH\REPTILES\176140_1.tif"
"22476984_1",22476984,1,"Letheobia wittei","LC","G:\Priority program\Re-PriorityProgram20220903\ReAOH\REPTILES\22476984_1.tif"
"42484238_1",42484238,1,"Emoia maxima","LC","G:\Priority program\Re-PriorityProgram20220903\ReAOH\REPTILES\42484238_1.tif"
"172877_1",172877,1,"Heteroliodon lava","NT","G:\Priority program\Re-PriorityProgram20220903\ReAOH\REPTILES\172877_1.tif"
"177904_1",177904,1,"Anolis armouri","EN","G:\Priority program\Re-PriorityProgram20220903\ReAOH\REPTILES\177904_1.tif"
"99928646_1",99928646,1,"Bronchocela celebensis","LC","G:\Priority program\Re-PriorityProgram20220903\ReAOH\REPTILES\99928646_1.tif"
"44978352_1",44978352,1,"Typhlosaurus meyeri","LC","G:\Priority program\Re-PriorityProgram20220903\ReAOH\REPTILES\44978352_1.tif"
"48283802_1",48283802,1,"Proctoporus xestus","LC","G:\Priority program\Re-PriorityProgram20220903\ReAOH\REPTILES\48283802_1.tif"
"102831167_1",102831167,1,"Delma tealei","EN","G:\Priority program\Re-PriorityProgram20220903\ReAOH\REPTILES\102831167_1.tif"
"44979280_1",44979280,1,"Scolecoseps litipoensis","DD","G:\Priority program\Re-PriorityProgram20220903\ReAOH\REPTILES\44979280_1.tif"
"42483214_1",42483214,1,"Carlia caesius","LC","G:\Priority program\Re-PriorityProgram20220903\ReAOH\REPTILES\42483214_1.tif"
"42484726_1",42484726,1,"Glaphyromorphus nigricaudis","LC","G:\Priority program\Re-PriorityProgram20220903\ReAOH\REPTILES\42484726_1.tif"
"178740_1",178740,1,"Liburnascincus scirtetis","LC","G:\Priority program\Re-PriorityProgram20220903\ReAOH\REPTILES\178740_1.tif"
"199727_1",199727,1,"Hemidactylus pumilio","LC","G:\Priority program\Re-PriorityProgram20220903\ReAOH\REPTILES\199727_1.tif"
"48616686_1",48616686,1,"Stenocercus cupreus","LC","G:\Priority program\Re-PriorityProgram20220903\ReAOH\REPTILES\48616686_1.tif"
"192024_1",192024,1,"Rhabdophis nigrocinctus","LC","G:\Priority program\Re-PriorityProgram20220903\ReAOH\REPTILES\192024_1.tif"
"110202538_1",110202538,1,"Homopholis arnoldi","LC","G:\Priority program\Re-PriorityProgram20220903\ReAOH\REPTILES\110202538_1.tif"
"44581770_1",44581770,1,"Erythrolamprus vitti","DD","G:\Priority program\Re-PriorityProgram20220903\ReAOH\REPTILES\44581770_1.tif"
"192128_1",192128,1,"Lycodon ruhstrati","LC","G:\Priority program\Re-PriorityProgram20220903\ReAOH\REPTILES\192128_1.tif"
"104834110_1",104834110,1,"Tropidophorus robinsoni","LC","G:\Priority program\Re-PriorityProgram20220903\ReAOH\REPTILES\104834110_1.tif"
"59122162_1",59122162,1,"Phymaturus yachanana","LC","G:\Priority program\Re-PriorityProgram20220903\ReAOH\REPTILES\59122162_1.tif"
"15183466_1",15183466,1,"Xenodon matogrossensis","LC","G:\Priority program\Re-PriorityProgram20220903\ReAOH\REPTILES\15183466_1.tif"
"203049_1",203049,1,"Anadia vittata","LC","G:\Priority program\Re-PriorityProgram20220903\ReAOH\REPTILES\203049_1.tif"
"67609861_1",67609861,1,"Anolis squamulatus","LC","G:\Priority program\Re-PriorityProgram20220903\ReAOH\REPTILES\67609861_1.tif"
"203084_1",203084,1,"Anolis chloris","LC","G:\Priority program\Re-PriorityProgram20220903\ReAOH\REPTILES\203084_1.tif"
"102649577_1",102649577,1,"Scincella capitanea","LC","G:\Priority program\Re-PriorityProgram20220903\ReAOH\REPTILES\102649577_1.tif"
"44581245_1",44581245,1,"Atractus obesus","DD","G:\Priority program\Re-PriorityProgram20220903\ReAOH\REPTILES\44581245_1.tif"
"149332938_1",149332938,1,"Cyrtodactylus tripuraensis","LC","G:\Priority program\Re-PriorityProgram20220903\ReAOH\REPTILES\149332938_1.tif"
"191953_1",191953,1,"Gongylosoma baliodeirus","LC","G:\Priority program\Re-PriorityProgram20220903\ReAOH\REPTILES\191953_1.tif"
"50957058_1",50957058,1,"Bothrops leucurus","LC","G:\Priority program\Re-PriorityProgram20220903\ReAOH\REPTILES\50957058_1.tif"
"178297_1",178297,1,"Geckolepis polylepis","DD","G:\Priority program\Re-PriorityProgram20220903\ReAOH\REPTILES\178297_1.tif"
"83778110_1",83778110,1,"Varanus gouldii","LC","G:\Priority program\Re-PriorityProgram20220903\ReAOH\REPTILES\83778110_1.tif"
"64015_1",64015,1,"Gambelia wislizenii","LC","G:\Priority program\Re-PriorityProgram20220903\ReAOH\REPTILES\64015_1.tif"
"56086030_1",56086030,1,"Liolaemus pipanaco","LC","G:\Priority program\Re-PriorityProgram20220903\ReAOH\REPTILES\56086030_1.tif"
"50950675_1",50950675,1,"Stenocercus limitaris","VU","G:\Priority program\Re-PriorityProgram20220903\ReAOH\REPTILES\50950675_1.tif"
"197209_1",197209,1,"Lankascincus sripadensis","EN","G:\Priority program\Re-PriorityProgram20220903\ReAOH\REPTILES\197209_1.tif"
"178372_1",178372,1,"Epictia tricolor","LC","G:\Priority program\Re-PriorityProgram20220903\ReAOH\REPTILES\178372_1.tif"
"12472_1",12472,1,"Lygosoma koratense","LC","G:\Priority program\Re-PriorityProgram20220903\ReAOH\REPTILES\12472_1.tif"
"48617674_1",48617674,1,"Dipsas vagrans","LC","G:\Priority program\Re-PriorityProgram20220903\ReAOH\REPTILES\48617674_1.tif"
"44581484_1",44581484,1,"Dipsas pratti","LC","G:\Priority program\Re-PriorityProgram20220903\ReAOH\REPTILES\44581484_1.tif"
"15156936_1",15156936,1,"Apostolepis nigrolineatus","LC","G:\Priority program\Re-PriorityProgram20220903\ReAOH\REPTILES\15156936_1.tif"
"203082_1",203082,1,"Anolis casildae","EN","G:\Priority program\Re-PriorityProgram20220903\ReAOH\REPTILES\203082_1.tif"
"101950314_1",101950314,1,"Hemiphyllodactylus yunnanensis","LC","G:\Priority program\Re-PriorityProgram20220903\ReAOH\REPTILES\101950314_1.tif"
"44582083_1",44582083,1,"Micrurus spurrelli","NT","G:\Priority program\Re-PriorityProgram20220903\ReAOH\REPTILES\44582083_1.tif"
"63819_1",63819,1,"Heterodon nasicus","LC","G:\Priority program\Re-PriorityProgram20220903\ReAOH\REPTILES\63819_1.tif"
"44980169_1",44980169,1,"Atheris nitschei","LC","G:\Priority program\Re-PriorityProgram20220903\ReAOH\REPTILES\44980169_1.tif"
"120190169_1",120190169,1,"Oligosoma taumakae","EN","G:\Priority program\Re-PriorityProgram20220903\ReAOH\REPTILES\120190169_1.tif"
"170401_1",170401,1,"Hypsilurus binotatus","LC","G:\Priority program\Re-PriorityProgram20220903\ReAOH\REPTILES\170401_1.tif"
"102831699_1",102831699,1,"Pygopus schraderi","LC","G:\Priority program\Re-PriorityProgram20220903\ReAOH\REPTILES\102831699_1.tif"
"15155091_1",15155091,1,"Chilabothrus fordii","NT","G:\Priority program\Re-PriorityProgram20220903\ReAOH\REPTILES\15155091_1.tif"
"104837449_1",104837449,1,"Calamaria curta","DD","G:\Priority program\Re-PriorityProgram20220903\ReAOH\REPTILES\104837449_1.tif"
"203333_1",203333,1,"Trimorphodon lambda","LC","G:\Priority program\Re-PriorityProgram20220903\ReAOH\REPTILES\203333_1.tif"
"48279911_1",48279911,1,"Bachia barbouri","DD","G:\Priority program\Re-PriorityProgram20220903\ReAOH\REPTILES\48279911_1.tif"
"176160_1",176160,1,"Kanakysaurus viviparus","EN","G:\Priority program\Re-PriorityProgram20220903\ReAOH\REPTILES\176160_1.tif"
"75606023_1",75606023,1,"Ameiva desechensis","LC","G:\Priority program\Re-PriorityProgram20220903\ReAOH\REPTILES\75606023_1.tif"
"194061_1",194061,1,"Trimeresurus labialis","CR","G:\Priority program\Re-PriorityProgram20220903\ReAOH\REPTILES\194061_1.tif"
"15203480_1",15203480,1,"Bothrops neuwiedi","LC","G:\Priority program\Re-PriorityProgram20220903\ReAOH\REPTILES\15203480_1.tif"
"29605_1",29605,1,"Cyclura stejnegeri","CR","G:\Priority program\Re-PriorityProgram20220903\ReAOH\REPTILES\29605_1.tif"
"44979834_1",44979834,1,"Leptotyphlops nigricans","LC","G:\Priority program\Re-PriorityProgram20220903\ReAOH\REPTILES\44979834_1.tif"
"110164296_1",110164296,1,"Platysaurus guttatus","LC","G:\Priority program\Re-PriorityProgram20220903\ReAOH\REPTILES\110164296_1.tif"
"163458_1",163458,1,"Batagur borneoensis","CR","G:\Priority program\Re-PriorityProgram20220903\ReAOH\REPTILES\163458_1.tif"
"49845495_1",49845495,1,"Tropidurus hispidus","LC","G:\Priority program\Re-PriorityProgram20220903\ReAOH\REPTILES\49845495_1.tif"
"196631_1",196631,1,"Lipinia rouxi","LC","G:\Priority program\Re-PriorityProgram20220903\ReAOH\REPTILES\196631_1.tif"
"172810_1",172810,1,"Lygodactylus intermedius","EN","G:\Priority program\Re-PriorityProgram20220903\ReAOH\REPTILES\172810_1.tif"
"10949_1",10949,1,"Batagur kachuga","CR","G:\Priority program\Re-PriorityProgram20220903\ReAOH\REPTILES\10949_1.tif"
"15158749_1",15158749,1,"Chironius laurenti","LC","G:\Priority program\Re-PriorityProgram20220903\ReAOH\REPTILES\15158749_1.tif"
"56052108_1",56052108,1,"Liolaemus cinereus","DD","G:\Priority program\Re-PriorityProgram20220903\ReAOH\REPTILES\56052108_1.tif"
"172851_1",172851,1,"Alluaudina bellyi","LC","G:\Priority program\Re-PriorityProgram20220903\ReAOH\REPTILES\172851_1.tif"
"48279940_1",48279940,1,"Bachia didactyla","EN","G:\Priority program\Re-PriorityProgram20220903\ReAOH\REPTILES\48279940_1.tif"
"44577819_1",44577819,1,"Anolis transversalis","LC","G:\Priority program\Re-PriorityProgram20220903\ReAOH\REPTILES\44577819_1.tif"
"83494264_1",83494264,1,"Pogona nullarbor","LC","G:\Priority program\Re-PriorityProgram20220903\ReAOH\REPTILES\83494264_1.tif"
"203045_1",203045,1,"Basiliscus galeritus","LC","G:\Priority program\Re-PriorityProgram20220903\ReAOH\REPTILES\203045_1.tif"
"176230_1",176230,1,"Amphisbaena pretrei","LC","G:\Priority program\Re-PriorityProgram20220903\ReAOH\REPTILES\176230_1.tif"
"42494018_1",42494018,1,"Leiopython fredparkeri","VU","G:\Priority program\Re-PriorityProgram20220903\ReAOH\REPTILES\42494018_1.tif"
"18490717_1",18490717,1,"Hemidactylus kamdemtohami","LC","G:\Priority program\Re-PriorityProgram20220903\ReAOH\REPTILES\18490717_1.tif"
"42485608_1",42485608,1,"Sphenomorphus papuae","LC","G:\Priority program\Re-PriorityProgram20220903\ReAOH\REPTILES\42485608_1.tif"
"75306850_1",75306850,1,"Leiocephalus inaguae","LC","G:\Priority program\Re-PriorityProgram20220903\ReAOH\REPTILES\75306850_1.tif"
"44578710_1",44578710,1,"Potamites montanicola","DD","G:\Priority program\Re-PriorityProgram20220903\ReAOH\REPTILES\44578710_1.tif"
"64321_1",64321,1,"Crotalus lepidus","LC","G:\Priority program\Re-PriorityProgram20220903\ReAOH\REPTILES\64321_1.tif"
"56062677_1",56062677,1,"Liolaemus gununakuna","LC","G:\Priority program\Re-PriorityProgram20220903\ReAOH\REPTILES\56062677_1.tif"
"178531_1",178531,1,"Panaspis cabindae","LC","G:\Priority program\Re-PriorityProgram20220903\ReAOH\REPTILES\178531_1.tif"
"178235_1",178235,1,"Altiphylax levitoni","LC","G:\Priority program\Re-PriorityProgram20220903\ReAOH\REPTILES\178235_1.tif"
"56063010_1",56063010,1,"Liolaemus inti","LC","G:\Priority program\Re-PriorityProgram20220903\ReAOH\REPTILES\56063010_1.tif"
"15181482_1",15181482,1,"Phalotris multipunctatus","EN","G:\Priority program\Re-PriorityProgram20220903\ReAOH\REPTILES\15181482_1.tif"
"48892882_1",48892882,1,"Lycodon stormi","VU","G:\Priority program\Re-PriorityProgram20220903\ReAOH\REPTILES\48892882_1.tif"
"75099790_1",75099790,1,"Anolis phyllorhinus","LC","G:\Priority program\Re-PriorityProgram20220903\ReAOH\REPTILES\75099790_1.tif"
"42685911_1",42685911,1,"Brookesia brunoi","NT","G:\Priority program\Re-PriorityProgram20220903\ReAOH\REPTILES\42685911_1.tif"
"196945_1",196945,1,"Pachydactylus punctatus","LC","G:\Priority program\Re-PriorityProgram20220903\ReAOH\REPTILES\196945_1.tif"
"203130_1",203130,1,"Anolis wampuensis","DD","G:\Priority program\Re-PriorityProgram20220903\ReAOH\REPTILES\203130_1.tif"
"177529_1",177529,1,"Tropidonophis punctiventris","EN","G:\Priority program\Re-PriorityProgram20220903\ReAOH\REPTILES\177529_1.tif"
"177445_1",177445,1,"Prosymna ambigua","LC","G:\Priority program\Re-PriorityProgram20220903\ReAOH\REPTILES\177445_1.tif"
"13152261_1",13152261,1,"Broadleysaurus major","LC","G:\Priority program\Re-PriorityProgram20220903\ReAOH\REPTILES\13152261_1.tif"
"13152004_1",13152004,1,"Philochortus hardeggeri","LC","G:\Priority program\Re-PriorityProgram20220903\ReAOH\REPTILES\13152004_1.tif"
"176620_1",176620,1,"Boiga bourreti","EN","G:\Priority program\Re-PriorityProgram20220903\ReAOH\REPTILES\176620_1.tif"
"22528817_1",22528817,1,"Hypsilurus auritus","LC",NA
"54586746_1",54586746,1,"Gymnodactylus amarali","LC","G:\Priority program\Re-PriorityProgram20220903\ReAOH\REPTILES\54586746_1.tif"
"199573_1",199573,1,"Lytorhynchus gasperetti","DD",NA
"172950_1",172950,1,"Furcifer petteri","VU","G:\Priority program\Re-PriorityProgram20220903\ReAOH\REPTILES\172950_1.tif"
"22471289_1",22471289,1,"Haackgreerius miopus","DD","G:\Priority program\Re-PriorityProgram20220903\ReAOH\REPTILES\22471289_1.tif"
"192042_1",192042,1,"Trimeresurus sabahi","LC",NA
"63770_1",63770,1,"Dipsas brevifacies","LC","G:\Priority program\Re-PriorityProgram20220903\ReAOH\REPTILES\63770_1.tif"
"109478495_1",109478495,1,"Liopholis modesta","LC","G:\Priority program\Re-PriorityProgram20220903\ReAOH\REPTILES\109478495_1.tif"
"44580183_1",44580183,1,"Chironius septentrionalis","LC","G:\Priority program\Re-PriorityProgram20220903\ReAOH\REPTILES\44580183_1.tif"
"172996_1",172996,1,"Zonosaurus anelanelany","VU","G:\Priority program\Re-PriorityProgram20220903\ReAOH\REPTILES\172996_1.tif"
"56039205_1",56039205,1,"Leposternon microcephalum","LC","G:\Priority program\Re-PriorityProgram20220903\ReAOH\REPTILES\56039205_1.tif"
"22473461_1",22473461,1,"Rhinotyphlops leucocephalus","DD",NA
"62236_1",62236,1,"Masticophis lateralis","LC","G:\Priority program\Re-PriorityProgram20220903\ReAOH\REPTILES\62236_1.tif"
"144318993_1",144318993,1,"Bachia whitei","DD","G:\Priority program\Re-PriorityProgram20220903\ReAOH\REPTILES\144318993_1.tif"
"164723_1",164723,1,"Acanthodactylus orientalis","LC","G:\Priority program\Re-PriorityProgram20220903\ReAOH\REPTILES\164723_1.tif"
"109473102_1",109473102,1,"Lampropholis delicata","LC","G:\Priority program\Re-PriorityProgram20220903\ReAOH\REPTILES\109473102_1.tif"
"178257_1",178257,1,"Anolis loveridgei","EN","G:\Priority program\Re-PriorityProgram20220903\ReAOH\REPTILES\178257_1.tif"
"151182898_1",151182898,1,"Phyllurus pinnaclensis","CR","G:\Priority program\Re-PriorityProgram20220903\ReAOH\REPTILES\151182898_1.tif"
"192101_1",192101,1,"Calamaria grabowskyi","LC",NA
"15203715_1",15203715,1,"Bothrops pulchra","LC","G:\Priority program\Re-PriorityProgram20220903\ReAOH\REPTILES\15203715_1.tif"
"199725_1",199725,1,"Hemidactylus inintellectus","LC","G:\Priority program\Re-PriorityProgram20220903\ReAOH\REPTILES\199725_1.tif"
"198527_1",198527,1,"Trimorphodon biscutatus","LC","G:\Priority program\Re-PriorityProgram20220903\ReAOH\REPTILES\198527_1.tif"
"184061_1",184061,1,"Psammodynastes pictus","LC","G:\Priority program\Re-PriorityProgram20220903\ReAOH\REPTILES\184061_1.tif"
"141515855_1",141515855,1,"Cylindrophis subocularis","DD",NA
"196566_1",196566,1,"Tropidonophis hypomelas","LC","G:\Priority program\Re-PriorityProgram20220903\ReAOH\REPTILES\196566_1.tif"
"190648_1",190648,1,"Montatheris hindii","NT","G:\Priority program\Re-PriorityProgram20220903\ReAOH\REPTILES\190648_1.tif"
"47154386_1",47154386,1,"Lygisaurus aeratus","LC","G:\Priority program\Re-PriorityProgram20220903\ReAOH\REPTILES\47154386_1.tif"
"13300421_1",13300421,1,"Psammophis praeornatus","LC","G:\Priority program\Re-PriorityProgram20220903\ReAOH\REPTILES\13300421_1.tif"
"196910_1",196910,1,"Pachydactylus kochii","LC","G:\Priority program\Re-PriorityProgram20220903\ReAOH\REPTILES\196910_1.tif"
"192210_1",192210,1,"Rhabdophis angeli","DD","G:\Priority program\Re-PriorityProgram20220903\ReAOH\REPTILES\192210_1.tif"
"42493301_1",42493301,1,"Pseudechis weigeli","LC","G:\Priority program\Re-PriorityProgram20220903\ReAOH\REPTILES\42493301_1.tif"
"176221_1",176221,1,"Trapelus jayakari","DD","G:\Priority program\Re-PriorityProgram20220903\ReAOH\REPTILES\176221_1.tif"
"9943_1",9943,1,"Heosemys grandis","CR","G:\Priority program\Re-PriorityProgram20220903\ReAOH\REPTILES\9943_1.tif"
"13152076_1",13152076,1,"Tarentola maioensis","LC","G:\Priority program\Re-PriorityProgram20220903\ReAOH\REPTILES\13152076_1.tif"
"174476_1",174476,1,"Ctenosaura macrolopha","LC","G:\Priority program\Re-PriorityProgram20220903\ReAOH\REPTILES\174476_1.tif"
"110168328_1",110168328,1,"Elapsoidea sundevallii","LC","G:\Priority program\Re-PriorityProgram20220903\ReAOH\REPTILES\110168328_1.tif"
"193106685_1",193106685,1,"Lepidodactylus pollostos","DD","G:\Priority program\Re-PriorityProgram20220903\ReAOH\REPTILES\193106685_1.tif"
"14564_1",14564,1,"Plestiodon reynoldsi","VU","G:\Priority program\Re-PriorityProgram20220903\ReAOH\REPTILES\14564_1.tif"
"178702_1",178702,1,"Arthrosaura kockii","LC","G:\Priority program\Re-PriorityProgram20220903\ReAOH\REPTILES\178702_1.tif"
"64099_1",64099,1,"Sceloporus cyanostictus","EN","G:\Priority program\Re-PriorityProgram20220903\ReAOH\REPTILES\64099_1.tif"
"44577482_1",44577482,1,"Anolis mariarum","LC","G:\Priority program\Re-PriorityProgram20220903\ReAOH\REPTILES\44577482_1.tif"
"21584272_1",21584272,1,"Leptotyphlops emini","LC","G:\Priority program\Re-PriorityProgram20220903\ReAOH\REPTILES\21584272_1.tif"
"109464741_1",109464741,1,"Ctenotus tanamiensis","LC","G:\Priority program\Re-PriorityProgram20220903\ReAOH\REPTILES\109464741_1.tif"
"75084945_1",75084945,1,"Anolis rejectus","EN","G:\Priority program\Re-PriorityProgram20220903\ReAOH\REPTILES\75084945_1.tif"
"54506205_1",54506205,1,"Cyrtodactylus markuscombaii","DD",NA
"178030_1",178030,1,"Varanus primordius","LC","G:\Priority program\Re-PriorityProgram20220903\ReAOH\REPTILES\178030_1.tif"
"176167_1",176167,1,"Bavayia robusta","NT","G:\Priority program\Re-PriorityProgram20220903\ReAOH\REPTILES\176167_1.tif"
"15179426_1",15179426,1,"Oxyrhopus clathratus","LC","G:\Priority program\Re-PriorityProgram20220903\ReAOH\REPTILES\15179426_1.tif"
"177441_1",177441,1,"Plagiopholis nuchalis","LC","G:\Priority program\Re-PriorityProgram20220903\ReAOH\REPTILES\177441_1.tif"
"9029_1",9029,1,"Geoclemys hamiltonii","EN","G:\Priority program\Re-PriorityProgram20220903\ReAOH\REPTILES\9029_1.tif"
"104768050_1",104768050,1,"Plestiodon tunganus","NT","G:\Priority program\Re-PriorityProgram20220903\ReAOH\REPTILES\104768050_1.tif"
"99931584_1",99931584,1,"Phoxophrys nigrilabris","LC","G:\Priority program\Re-PriorityProgram20220903\ReAOH\REPTILES\99931584_1.tif"
"50950469_1",50950469,1,"Riama cashcaensis","EN","G:\Priority program\Re-PriorityProgram20220903\ReAOH\REPTILES\50950469_1.tif"
"170373_1",170373,1,"Lophognathus gilberti","LC","G:\Priority program\Re-PriorityProgram20220903\ReAOH\REPTILES\170373_1.tif"
"17451241_1",17451241,1,"Xenagama batillifera","LC","G:\Priority program\Re-PriorityProgram20220903\ReAOH\REPTILES\17451241_1.tif"
"50951770_1",50951770,1,"Micrurus diana","LC","G:\Priority program\Re-PriorityProgram20220903\ReAOH\REPTILES\50951770_1.tif"
"50951705_1",50951705,1,"Atractus emmeli","LC","G:\Priority program\Re-PriorityProgram20220903\ReAOH\REPTILES\50951705_1.tif"
"127902191_1",127902191,1,"Sitana devakai","VU","G:\Priority program\Re-PriorityProgram20220903\ReAOH\REPTILES\127902191_1.tif"
"46584_1",46584,1,"Caiman crocodilus","LC","G:\Priority program\Re-PriorityProgram20220903\ReAOH\REPTILES\46584_1.tif"
