"filename","id_no","seasonal","binomial","category","path"
"59092533_1",59092533,1,"Vanzosaura savanicola","LC","E:\Priority program\Re-PriorityProgram20220903\ReAOH\REPTILES\59092533_1.tif"
"104831419_1",104831419,1,"Tropidophorus boehmei","NT","E:\Priority program\Re-PriorityProgram20220903\ReAOH\REPTILES\104831419_1.tif"
"192214_1",192214,1,"Ptyas nigromarginata","LC","E:\Priority program\Re-PriorityProgram20220903\ReAOH\REPTILES\192214_1.tif"
"61547_1",61547,1,"Podarcis gaigeae","VU","E:\Priority program\Re-PriorityProgram20220903\ReAOH\REPTILES\61547_1.tif"
"83777229_1",83777229,1,"Varanus acanthurus","LC","E:\Priority program\Re-PriorityProgram20220903\ReAOH\REPTILES\83777229_1.tif"
"203303_1",203303,1,"Mastigodryas pulchriceps","LC","E:\Priority program\Re-PriorityProgram20220903\ReAOH\REPTILES\203303_1.tif"
"192191_1",192191,1,"Cylindrophis engkariensis","DD","E:\Priority program\Re-PriorityProgram20220903\ReAOH\REPTILES\192191_1.tif"
"13288920_1",13288920,1,"Chamaelycus fasciatus","LC","E:\Priority program\Re-PriorityProgram20220903\ReAOH\REPTILES\13288920_1.tif"
"178532_1",178532,1,"Indotyphlops pammeces","LC","E:\Priority program\Re-PriorityProgram20220903\ReAOH\REPTILES\178532_1.tif"
"48280071_1",48280071,1,"Bachia peruana","LC","E:\Priority program\Re-PriorityProgram20220903\ReAOH\REPTILES\48280071_1.tif"
"44648012_1",44648012,1,"Cnemaspis barbouri","LC","E:\Priority program\Re-PriorityProgram20220903\ReAOH\REPTILES\44648012_1.tif"
"157288_1",157288,1,"Lacerta agilis","LC","E:\Priority program\Re-PriorityProgram20220903\ReAOH\REPTILES\157288_1.tif"
"56149101_1",56149101,1,"Liolaemus sagei","LC","E:\Priority program\Re-PriorityProgram20220903\ReAOH\REPTILES\56149101_1.tif"
"176232_1",176232,1,"Amphisbaena schmidti","LC","E:\Priority program\Re-PriorityProgram20220903\ReAOH\REPTILES\176232_1.tif"
"17585_1",17585,1,"Platysternon megacephalum","CR","E:\Priority program\Re-PriorityProgram20220903\ReAOH\REPTILES\17585_1.tif"
"42495889_1",42495889,1,"Pseudonaja inframacula","LC","E:\Priority program\Re-PriorityProgram20220903\ReAOH\REPTILES\42495889_1.tif"
"4178_1",4178,1,"Ceratophora tennentii","EN","E:\Priority program\Re-PriorityProgram20220903\ReAOH\REPTILES\4178_1.tif"
"67610595_1",67610595,1,"Atractus meridensis","DD","E:\Priority program\Re-PriorityProgram20220903\ReAOH\REPTILES\67610595_1.tif"
"56039543_1",56039543,1,"Pseudotomodon trigonatus","LC","E:\Priority program\Re-PriorityProgram20220903\ReAOH\REPTILES\56039543_1.tif"
"104718151_1",104718151,1,"Gekko vietnamensis","VU","E:\Priority program\Re-PriorityProgram20220903\ReAOH\REPTILES\104718151_1.tif"
"62227_1",62227,1,"Anniella pulchra","LC","E:\Priority program\Re-PriorityProgram20220903\ReAOH\REPTILES\62227_1.tif"
"50950405_1",50950405,1,"Anolis podocarpus","VU","E:\Priority program\Re-PriorityProgram20220903\ReAOH\REPTILES\50950405_1.tif"
"89929498_1",89929498,1,"Enyalioides altotambo","EN","E:\Priority program\Re-PriorityProgram20220903\ReAOH\REPTILES\89929498_1.tif"
"75159959_1",75159959,1,"Amphisbaena heathi","NT","E:\Priority program\Re-PriorityProgram20220903\ReAOH\REPTILES\75159959_1.tif"
"47102972_1",47102972,1,"Marisora aurulae","VU","E:\Priority program\Re-PriorityProgram20220903\ReAOH\REPTILES\47102972_1.tif"
"64078_1",64078,1,"Phrynosoma modestum","LC","E:\Priority program\Re-PriorityProgram20220903\ReAOH\REPTILES\64078_1.tif"
"48442648_1",48442648,1,"Liolaemus insolitus","EN","E:\Priority program\Re-PriorityProgram20220903\ReAOH\REPTILES\48442648_1.tif"
"10246_1",10246,1,"Hoplocephalus bungaroides","VU","E:\Priority program\Re-PriorityProgram20220903\ReAOH\REPTILES\10246_1.tif"
"63909_1",63909,1,"Rhinocheilus lecontei","LC","E:\Priority program\Re-PriorityProgram20220903\ReAOH\REPTILES\63909_1.tif"
"102795062_1",102795062,1,"Gehyra montium","LC","E:\Priority program\Re-PriorityProgram20220903\ReAOH\REPTILES\102795062_1.tif"
"56077929_1",56077929,1,"Liolaemus ornatus","LC","E:\Priority program\Re-PriorityProgram20220903\ReAOH\REPTILES\56077929_1.tif"
"172955_1",172955,1,"Furcifer pardalis","LC","E:\Priority program\Re-PriorityProgram20220903\ReAOH\REPTILES\172955_1.tif"
"50950499_1",50950499,1,"Riama crypta","EN","E:\Priority program\Re-PriorityProgram20220903\ReAOH\REPTILES\50950499_1.tif"
"191912_1",191912,1,"Gerrhopilus bisubocularis","DD",NA
"164740_1",164740,1,"Letheobia episcopus","DD","E:\Priority program\Re-PriorityProgram20220903\ReAOH\REPTILES\164740_1.tif"
"178377_1",178377,1,"Anolis bimaculatus","LC","E:\Priority program\Re-PriorityProgram20220903\ReAOH\REPTILES\178377_1.tif"
"164608_1",164608,1,"Eublepharis angramainyu","DD","E:\Priority program\Re-PriorityProgram20220903\ReAOH\REPTILES\164608_1.tif"
"124309665_1",124309665,1,"Hemidactylus biokoensis","DD","E:\Priority program\Re-PriorityProgram20220903\ReAOH\REPTILES\124309665_1.tif"
"74994431_1",74994431,1,"Anolis alutaceus","LC","E:\Priority program\Re-PriorityProgram20220903\ReAOH\REPTILES\74994431_1.tif"
"75605268_1",75605268,1,"Pseudothecadactylus lindneri","LC","E:\Priority program\Re-PriorityProgram20220903\ReAOH\REPTILES\75605268_1.tif"
"203512_1",203512,1,"Erythrolamprus ocellatus","LC","E:\Priority program\Re-PriorityProgram20220903\ReAOH\REPTILES\203512_1.tif"
"104718252_1",104718252,1,"Luperosaurus yasumai","DD","E:\Priority program\Re-PriorityProgram20220903\ReAOH\REPTILES\104718252_1.tif"
"196662_1",196662,1,"Varanus spinulosus","LC","E:\Priority program\Re-PriorityProgram20220903\ReAOH\REPTILES\196662_1.tif"
"104654123_1",104654123,1,"Draco iskandari","LC","E:\Priority program\Re-PriorityProgram20220903\ReAOH\REPTILES\104654123_1.tif"
"99929352_1",99929352,1,"Draco volans","LC","E:\Priority program\Re-PriorityProgram20220903\ReAOH\REPTILES\99929352_1.tif"
"178384_1",178384,1,"Anolis grahami","LC","E:\Priority program\Re-PriorityProgram20220903\ReAOH\REPTILES\178384_1.tif"
"10241_1",10241,1,"Chersobius signatus","EN","E:\Priority program\Re-PriorityProgram20220903\ReAOH\REPTILES\10241_1.tif"
"83410198_1",83410198,1,"Ctenophorus nguyarna","VU","E:\Priority program\Re-PriorityProgram20220903\ReAOH\REPTILES\83410198_1.tif"
"190585_1",190585,1,"Ialtris agyrtes","EN","E:\Priority program\Re-PriorityProgram20220903\ReAOH\REPTILES\190585_1.tif"
"48280225_1",48280225,1,"Euspondylus josyi","LC",NA
"15156501_1",15156501,1,"Apostolepis intermedia","LC","E:\Priority program\Re-PriorityProgram20220903\ReAOH\REPTILES\15156501_1.tif"
"48442832_1",48442832,1,"Phyllodactylus lepidopygus","VU","E:\Priority program\Re-PriorityProgram20220903\ReAOH\REPTILES\48442832_1.tif"
"174116_1",174116,1,"Gekko auriverrucosus","DD","E:\Priority program\Re-PriorityProgram20220903\ReAOH\REPTILES\174116_1.tif"
"149307802_1",149307802,1,"Monilesaurus acanthocephalus","EN","E:\Priority program\Re-PriorityProgram20220903\ReAOH\REPTILES\149307802_1.tif"
"193487_1",193487,1,"Paracontias fasika","CR","E:\Priority program\Re-PriorityProgram20220903\ReAOH\REPTILES\193487_1.tif"
"178516_1",178516,1,"Neusticurus tatei","LC","E:\Priority program\Re-PriorityProgram20220903\ReAOH\REPTILES\178516_1.tif"
"169835_1",169835,1,"Parvoscincus palawanensis","DD","E:\Priority program\Re-PriorityProgram20220903\ReAOH\REPTILES\169835_1.tif"
"172643_1",172643,1,"Lycodon travancoricus","LC","E:\Priority program\Re-PriorityProgram20220903\ReAOH\REPTILES\172643_1.tif"
"169683_1",169683,1,"Tomodon ocellatus","LC","E:\Priority program\Re-PriorityProgram20220903\ReAOH\REPTILES\169683_1.tif"
"56057954_1",56057954,1,"Liolaemus dumerili","LC","E:\Priority program\Re-PriorityProgram20220903\ReAOH\REPTILES\56057954_1.tif"
"16393900_1",16393900,1,"Melanoseps emmrichi","EN","E:\Priority program\Re-PriorityProgram20220903\ReAOH\REPTILES\16393900_1.tif"
"109470424_1",109470424,1,"Egernia formosa","LC","E:\Priority program\Re-PriorityProgram20220903\ReAOH\REPTILES\109470424_1.tif"
"169751_1",169751,1,"Pinoyscincus llanosi","NT","E:\Priority program\Re-PriorityProgram20220903\ReAOH\REPTILES\169751_1.tif"
"109452257_1",109452257,1,"Concinnia queenslandiae","LC","E:\Priority program\Re-PriorityProgram20220903\ReAOH\REPTILES\109452257_1.tif"
"63863_1",63863,1,"Pantherophis guttatus","LC","E:\Priority program\Re-PriorityProgram20220903\ReAOH\REPTILES\63863_1.tif"
"109476913_1",109476913,1,"Lerista neander","LC","E:\Priority program\Re-PriorityProgram20220903\ReAOH\REPTILES\109476913_1.tif"
"203157_1",203157,1,"Urostrophus gallardoi","DD","E:\Priority program\Re-PriorityProgram20220903\ReAOH\REPTILES\203157_1.tif"
"178714_1",178714,1,"Aspidoscelis deppii","LC","E:\Priority program\Re-PriorityProgram20220903\ReAOH\REPTILES\178714_1.tif"
"44647933_1",44647933,1,"Loveridgea phylofiniens","DD",NA
"18490404_1",18490404,1,"Hemidactylus granchii","DD","E:\Priority program\Re-PriorityProgram20220903\ReAOH\REPTILES\18490404_1.tif"
"197213_1",197213,1,"Lankascincus fallax","LC","E:\Priority program\Re-PriorityProgram20220903\ReAOH\REPTILES\197213_1.tif"
"56251581_1",56251581,1,"Phymaturus spectabilis","LC","E:\Priority program\Re-PriorityProgram20220903\ReAOH\REPTILES\56251581_1.tif"
"61464_1",61464,1,"Algyroides fitzingeri","LC","E:\Priority program\Re-PriorityProgram20220903\ReAOH\REPTILES\61464_1.tif"
"102342762_1",102342762,1,"Brachymeles apus","LC","E:\Priority program\Re-PriorityProgram20220903\ReAOH\REPTILES\102342762_1.tif"
"18519111_1",18519111,1,"Hemidactylus laticaudatus","LC","E:\Priority program\Re-PriorityProgram20220903\ReAOH\REPTILES\18519111_1.tif"
"3083_1",3083,1,"Brookesia perarmata","EN","E:\Priority program\Re-PriorityProgram20220903\ReAOH\REPTILES\3083_1.tif"
"169903_1",169903,1,"Oligodon ancorus","NT","E:\Priority program\Re-PriorityProgram20220903\ReAOH\REPTILES\169903_1.tif"
"109464050_1",109464050,1,"Ctenotus piankai","LC","E:\Priority program\Re-PriorityProgram20220903\ReAOH\REPTILES\109464050_1.tif"
"101742205_1",101742205,1,"Cyrtodactylus elok","LC","E:\Priority program\Re-PriorityProgram20220903\ReAOH\REPTILES\101742205_1.tif"
"104686767_1",104686767,1,"Cyrtodactylus chauquangensis","LC","E:\Priority program\Re-PriorityProgram20220903\ReAOH\REPTILES\104686767_1.tif"
"203840_1",203840,1,"Hemidactylus bouvieri","CR","E:\Priority program\Re-PriorityProgram20220903\ReAOH\REPTILES\203840_1.tif"
"197202_1",197202,1,"Nessia layardi","CR","E:\Priority program\Re-PriorityProgram20220903\ReAOH\REPTILES\197202_1.tif"
"115604801_1",115604801,1,"Cnemaspis minang","CR","E:\Priority program\Re-PriorityProgram20220903\ReAOH\REPTILES\115604801_1.tif"
"83494912_1",83494912,1,"Tympanocryptis centralis","LC",NA
"196602_1",196602,1,"Emoia cyanogaster","LC","E:\Priority program\Re-PriorityProgram20220903\ReAOH\REPTILES\196602_1.tif"
"126555503_1",126555503,1,"Cyrtodactylus semicinctus","LC","E:\Priority program\Re-PriorityProgram20220903\ReAOH\REPTILES\126555503_1.tif"
"63907_1",63907,1,"Rhadinophanes monticola","DD","E:\Priority program\Re-PriorityProgram20220903\ReAOH\REPTILES\63907_1.tif"
"150250389_1",150250389,1,"Feylinia boulengeri","LC","E:\Priority program\Re-PriorityProgram20220903\ReAOH\REPTILES\150250389_1.tif"
"192166_1",192166,1,"Calamaria buchi","DD","E:\Priority program\Re-PriorityProgram20220903\ReAOH\REPTILES\192166_1.tif"
"178533_1",178533,1,"Anolis monticola","VU","E:\Priority program\Re-PriorityProgram20220903\ReAOH\REPTILES\178533_1.tif"
"199720_1",199720,1,"Tropidodipsas zweifeli","DD","E:\Priority program\Re-PriorityProgram20220903\ReAOH\REPTILES\199720_1.tif"
"178244_1",178244,1,"Stenocercus frittsi","LC","E:\Priority program\Re-PriorityProgram20220903\ReAOH\REPTILES\178244_1.tif"
"17450125_1",17450125,1,"Phelsuma parkeri","LC",NA
"172651_1",172651,1,"Oligodon arnensis","LC","E:\Priority program\Re-PriorityProgram20220903\ReAOH\REPTILES\172651_1.tif"
"63733_1",63733,1,"Adelphicos visoninum","LC","E:\Priority program\Re-PriorityProgram20220903\ReAOH\REPTILES\63733_1.tif"
"13265085_1",13265085,1,"Dasypeltis confusa","LC","E:\Priority program\Re-PriorityProgram20220903\ReAOH\REPTILES\13265085_1.tif"
"63956_1",63956,1,"Tantilla relicta","LC","E:\Priority program\Re-PriorityProgram20220903\ReAOH\REPTILES\63956_1.tif"
"50950350_1",50950350,1,"Anolis bitectus","EN","E:\Priority program\Re-PriorityProgram20220903\ReAOH\REPTILES\50950350_1.tif"
"64077_1",64077,1,"Phrynosoma mcallii","NT","E:\Priority program\Re-PriorityProgram20220903\ReAOH\REPTILES\64077_1.tif"
"22473530_1",22473530,1,"Rhinotyphlops schinzi","LC","E:\Priority program\Re-PriorityProgram20220903\ReAOH\REPTILES\22473530_1.tif"
"196639_1",196639,1,"Sphenomorphus scutatus","LC","E:\Priority program\Re-PriorityProgram20220903\ReAOH\REPTILES\196639_1.tif"
"2818_1",2818,1,"Bitis schneideri","LC","E:\Priority program\Re-PriorityProgram20220903\ReAOH\REPTILES\2818_1.tif"
"104716837_1",104716837,1,"Cyrtodactylus yakhuna","VU","E:\Priority program\Re-PriorityProgram20220903\ReAOH\REPTILES\104716837_1.tif"
"96252506_1",96252506,1,"Hebius concelarus","EN","E:\Priority program\Re-PriorityProgram20220903\ReAOH\REPTILES\96252506_1.tif"
"47749669_1",47749669,1,"Paralaudakia stoliczkana","LC","E:\Priority program\Re-PriorityProgram20220903\ReAOH\REPTILES\47749669_1.tif"
"44577251_1",44577251,1,"Anolis antonii","LC","E:\Priority program\Re-PriorityProgram20220903\ReAOH\REPTILES\44577251_1.tif"
"174112_1",174112,1,"Cyrtodactylus adleri","EN","E:\Priority program\Re-PriorityProgram20220903\ReAOH\REPTILES\174112_1.tif"
"41229_1",41229,1,"Cryptactites peringueyi","LC","E:\Priority program\Re-PriorityProgram20220903\ReAOH\REPTILES\41229_1.tif"
"104833613_1",104833613,1,"Tropidophorus microlepis","LC","E:\Priority program\Re-PriorityProgram20220903\ReAOH\REPTILES\104833613_1.tif"
"64121_1",64121,1,"Sceloporus macdougalli","LC","E:\Priority program\Re-PriorityProgram20220903\ReAOH\REPTILES\64121_1.tif"
"99929242_1",99929242,1,"Draco maximus","LC","E:\Priority program\Re-PriorityProgram20220903\ReAOH\REPTILES\99929242_1.tif"
"144319517_1",144319517,1,"Bachia lineata","DD","E:\Priority program\Re-PriorityProgram20220903\ReAOH\REPTILES\144319517_1.tif"
"191906_1",191906,1,"Trimeresurus hageni","LC","E:\Priority program\Re-PriorityProgram20220903\ReAOH\REPTILES\191906_1.tif"
"64356_1",64356,1,"Lepidophyma pajapanensis","LC","E:\Priority program\Re-PriorityProgram20220903\ReAOH\REPTILES\64356_1.tif"
"157796345_1",157796345,1,"Lankascincus deignani","CR","E:\Priority program\Re-PriorityProgram20220903\ReAOH\REPTILES\157796345_1.tif"
"120189661_1",120189661,1,"Oligosoma maccanni","LC","E:\Priority program\Re-PriorityProgram20220903\ReAOH\REPTILES\120189661_1.tif"
"14665504_1",14665504,1,"Uroplatus finiavana","NT","E:\Priority program\Re-PriorityProgram20220903\ReAOH\REPTILES\14665504_1.tif"
"178569_1",178569,1,"Acanthodactylus busacki","LC","E:\Priority program\Re-PriorityProgram20220903\ReAOH\REPTILES\178569_1.tif"
"177542_1",177542,1,"Lycodryas citrinus","VU","E:\Priority program\Re-PriorityProgram20220903\ReAOH\REPTILES\177542_1.tif"
"203503_1",203503,1,"Dipsas temporalis","LC","E:\Priority program\Re-PriorityProgram20220903\ReAOH\REPTILES\203503_1.tif"
"149406888_1",149406888,1,"Hebius lacrima","DD",NA
"18153878_1",18153878,1,"Dasypeltis latericia","LC","E:\Priority program\Re-PriorityProgram20220903\ReAOH\REPTILES\18153878_1.tif"
"42493861_1",42493861,1,"Toxicocalamus buegersi","LC",NA
"44582007_1",44582007,1,"Micrurus ornatissimus","LC","E:\Priority program\Re-PriorityProgram20220903\ReAOH\REPTILES\44582007_1.tif"
"61478_1",61478,1,"Chalcides manueli","VU","E:\Priority program\Re-PriorityProgram20220903\ReAOH\REPTILES\61478_1.tif"
"104669864_1",104669864,1,"Diploderma laeviventre","LC","E:\Priority program\Re-PriorityProgram20220903\ReAOH\REPTILES\104669864_1.tif"
"47755582_1",47755582,1,"Alsophylax loricatus","VU","E:\Priority program\Re-PriorityProgram20220903\ReAOH\REPTILES\47755582_1.tif"
"102662512_1",102662512,1,"Amalosia lesueurii","LC","E:\Priority program\Re-PriorityProgram20220903\ReAOH\REPTILES\102662512_1.tif"
"64312_1",64312,1,"Crotalus basiliscus","LC","E:\Priority program\Re-PriorityProgram20220903\ReAOH\REPTILES\64312_1.tif"
"183199_1",183199,1,"Liopeltis tricolor","LC","E:\Priority program\Re-PriorityProgram20220903\ReAOH\REPTILES\183199_1.tif"
"104716770_1",104716770,1,"Cyrtodactylus wangkulangkulae","LC","E:\Priority program\Re-PriorityProgram20220903\ReAOH\REPTILES\104716770_1.tif"
"109472745_1",109472745,1,"Hemiergis initialis","LC","E:\Priority program\Re-PriorityProgram20220903\ReAOH\REPTILES\109472745_1.tif"
"101950693_1",101950693,1,"Gekko bannaense","DD","E:\Priority program\Re-PriorityProgram20220903\ReAOH\REPTILES\101950693_1.tif"
"110221992_1",110221992,1,"Pedioplanis huntleyi","LC","E:\Priority program\Re-PriorityProgram20220903\ReAOH\REPTILES\110221992_1.tif"
"176629_1",176629,1,"Calamaria muelleri","LC","E:\Priority program\Re-PriorityProgram20220903\ReAOH\REPTILES\176629_1.tif"
"178325_1",178325,1,"Indotyphlops schmutzi","LC","E:\Priority program\Re-PriorityProgram20220903\ReAOH\REPTILES\178325_1.tif"
"67610870_1",67610870,1,"Atractus riveroi","LC","E:\Priority program\Re-PriorityProgram20220903\ReAOH\REPTILES\67610870_1.tif"
"203142_1",203142,1,"Enyalius catenatus","LC","E:\Priority program\Re-PriorityProgram20220903\ReAOH\REPTILES\203142_1.tif"
"104777587_1",104777587,1,"Sphenomorphus tetradactylus","LC","E:\Priority program\Re-PriorityProgram20220903\ReAOH\REPTILES\104777587_1.tif"
"203798_1",203798,1,"Agama sankaranica","LC","E:\Priority program\Re-PriorityProgram20220903\ReAOH\REPTILES\203798_1.tif"
"196885_1",196885,1,"Afroedura africana","LC","E:\Priority program\Re-PriorityProgram20220903\ReAOH\REPTILES\196885_1.tif"
"203535_1",203535,1,"Geophis zeledoni","LC","E:\Priority program\Re-PriorityProgram20220903\ReAOH\REPTILES\203535_1.tif"
"192033_1",192033,1,"Calamaria gracillima","DD","E:\Priority program\Re-PriorityProgram20220903\ReAOH\REPTILES\192033_1.tif"
"47756012_1",47756012,1,"Takydromus wolteri","LC","E:\Priority program\Re-PriorityProgram20220903\ReAOH\REPTILES\47756012_1.tif"
"197431_1",197431,1,"Agama impalearis","LC","E:\Priority program\Re-PriorityProgram20220903\ReAOH\REPTILES\197431_1.tif"
"176859_1",176859,1,"Macrocalamus lateralis","LC","E:\Priority program\Re-PriorityProgram20220903\ReAOH\REPTILES\176859_1.tif"
"13289055_1",13289055,1,"Gonionotophis brussauxi","LC","E:\Priority program\Re-PriorityProgram20220903\ReAOH\REPTILES\13289055_1.tif"
"56154151_1",56154151,1,"Liolaemus telsen","LC","E:\Priority program\Re-PriorityProgram20220903\ReAOH\REPTILES\56154151_1.tif"
"178453_1",178453,1,"Typhlops capitulatus","EN","E:\Priority program\Re-PriorityProgram20220903\ReAOH\REPTILES\178453_1.tif"
"174133_1",174133,1,"Ristella rurkii","NT","E:\Priority program\Re-PriorityProgram20220903\ReAOH\REPTILES\174133_1.tif"
"63746_1",63746,1,"Chionactis palarostris","LC","E:\Priority program\Re-PriorityProgram20220903\ReAOH\REPTILES\63746_1.tif"
"56040596_1",56040596,1,"Micrurus circinalis","LC","E:\Priority program\Re-PriorityProgram20220903\ReAOH\REPTILES\56040596_1.tif"
"15181766_1",15181766,1,"Philodryas baroni","LC","E:\Priority program\Re-PriorityProgram20220903\ReAOH\REPTILES\15181766_1.tif"
"192221_1",192221,1,"Bungarus slowinskii","VU","E:\Priority program\Re-PriorityProgram20220903\ReAOH\REPTILES\192221_1.tif"
"104636757_1",104636757,1,"Calotes pethiyagodai","EN","E:\Priority program\Re-PriorityProgram20220903\ReAOH\REPTILES\104636757_1.tif"
"134885009_1",134885009,1,"Nothobachia ablephara","LC","E:\Priority program\Re-PriorityProgram20220903\ReAOH\REPTILES\134885009_1.tif"
"169819_1",169819,1,"Sphenomorphus diwata","DD","E:\Priority program\Re-PriorityProgram20220903\ReAOH\REPTILES\169819_1.tif"
"177588_1",177588,1,"Platysaurus imperator","NT","E:\Priority program\Re-PriorityProgram20220903\ReAOH\REPTILES\177588_1.tif"
"44577331_1",44577331,1,"Anolis fasciatus","LC","E:\Priority program\Re-PriorityProgram20220903\ReAOH\REPTILES\44577331_1.tif"
"48442779_1",48442779,1,"Phyllodactylus johnwrighti","EN","E:\Priority program\Re-PriorityProgram20220903\ReAOH\REPTILES\48442779_1.tif"
"192045_1",192045,1,"Calamaria linnaei","LC",NA
"203137_1",203137,1,"Diplolaemus bibronii","LC","E:\Priority program\Re-PriorityProgram20220903\ReAOH\REPTILES\203137_1.tif"
"127959258_1",127959258,1,"Melanophidium punctatum","VU","E:\Priority program\Re-PriorityProgram20220903\ReAOH\REPTILES\127959258_1.tif"
"101950269_1",101950269,1,"Hemiphyllodactylus tehtarik","LC","E:\Priority program\Re-PriorityProgram20220903\ReAOH\REPTILES\101950269_1.tif"
"83488800_1",83488800,1,"Ctenophorus pictus","LC","E:\Priority program\Re-PriorityProgram20220903\ReAOH\REPTILES\83488800_1.tif"
"104651600_1",104651600,1,"Pseudocalotes kingdonwardi","LC","E:\Priority program\Re-PriorityProgram20220903\ReAOH\REPTILES\104651600_1.tif"
"50010706_1",50010706,1,"Ameivula venetacauda","LC","E:\Priority program\Re-PriorityProgram20220903\ReAOH\REPTILES\50010706_1.tif"
"64118_1",64118,1,"Sceloporus licki","LC","E:\Priority program\Re-PriorityProgram20220903\ReAOH\REPTILES\64118_1.tif"
"63675_1",63675,1,"Abronia chiszari","EN","E:\Priority program\Re-PriorityProgram20220903\ReAOH\REPTILES\63675_1.tif"
"42492078_1",42492078,1,"Dendrelaphis grismeri","LC","E:\Priority program\Re-PriorityProgram20220903\ReAOH\REPTILES\42492078_1.tif"
"192080_1",192080,1,"Cylindrophis ruffus","LC","E:\Priority program\Re-PriorityProgram20220903\ReAOH\REPTILES\192080_1.tif"
"102839222_1",102839222,1,"Anilios insperatus","CR",NA
"47755092_1",47755092,1,"Tenuidactylus voraginosus","LC","E:\Priority program\Re-PriorityProgram20220903\ReAOH\REPTILES\47755092_1.tif"
"156730274_1",156730274,1,"Oligosoma salmo","CR","E:\Priority program\Re-PriorityProgram20220903\ReAOH\REPTILES\156730274_1.tif"
"178288_1",178288,1,"Polychrus peruvianus","VU","E:\Priority program\Re-PriorityProgram20220903\ReAOH\REPTILES\178288_1.tif"
"128870867_1",128870867,1,"Acontias wakkerstroomensis","DD","E:\Priority program\Re-PriorityProgram20220903\ReAOH\REPTILES\128870867_1.tif"
"197494_1",197494,1,"Latastia longicaudata","LC","E:\Priority program\Re-PriorityProgram20220903\ReAOH\REPTILES\197494_1.tif"
"172842_1",172842,1,"Madascincus mouroundavae","LC","E:\Priority program\Re-PriorityProgram20220903\ReAOH\REPTILES\172842_1.tif"
"46431543_1",46431543,1,"Melanoseps ater","LC","E:\Priority program\Re-PriorityProgram20220903\ReAOH\REPTILES\46431543_1.tif"
"63953_1",63953,1,"Tantilla oaxacae","DD","E:\Priority program\Re-PriorityProgram20220903\ReAOH\REPTILES\63953_1.tif"
"67662806_1",67662806,1,"Lampropeltis micropholis","LC","E:\Priority program\Re-PriorityProgram20220903\ReAOH\REPTILES\67662806_1.tif"
"14668341_1",14668341,1,"Lygosoma lineolatum","LC","E:\Priority program\Re-PriorityProgram20220903\ReAOH\REPTILES\14668341_1.tif"
"196560_1",196560,1,"Candoia paulsoni","LC","E:\Priority program\Re-PriorityProgram20220903\ReAOH\REPTILES\196560_1.tif"
"21653_1",21653,1,"Testudo marginata","LC","E:\Priority program\Re-PriorityProgram20220903\ReAOH\REPTILES\21653_1.tif"
"200989962_1",200989962,1,"Boaedon mentalis","LC","E:\Priority program\Re-PriorityProgram20220903\ReAOH\REPTILES\200989962_1.tif"
"169818_1",169818,1,"Brachymeles pathfinderi","DD","E:\Priority program\Re-PriorityProgram20220903\ReAOH\REPTILES\169818_1.tif"
"42492489_1",42492489,1,"Stegonotus guentheri","DD","E:\Priority program\Re-PriorityProgram20220903\ReAOH\REPTILES\42492489_1.tif"
"178514_1",178514,1,"Eurolophosaurus nanuzae","LC","E:\Priority program\Re-PriorityProgram20220903\ReAOH\REPTILES\178514_1.tif"
"1118_1",1118,1,"Pholidoscelis polops","EN","E:\Priority program\Re-PriorityProgram20220903\ReAOH\REPTILES\1118_1.tif"
"42492989_1",42492989,1,"Demansia psammophis","LC","E:\Priority program\Re-PriorityProgram20220903\ReAOH\REPTILES\42492989_1.tif"
"75605470_1",75605470,1,"Sphaerodactylus ladae","EN","E:\Priority program\Re-PriorityProgram20220903\ReAOH\REPTILES\75605470_1.tif"
"61741_1",61741,1,"Zootoca vivipara","LC","E:\Priority program\Re-PriorityProgram20220903\ReAOH\REPTILES\61741_1.tif"
"50008337_1",50008337,1,"Callopistes flavipunctatus","NT","E:\Priority program\Re-PriorityProgram20220903\ReAOH\REPTILES\50008337_1.tif"
"172653_1",172653,1,"Eutropis innotata","DD","E:\Priority program\Re-PriorityProgram20220903\ReAOH\REPTILES\172653_1.tif"
"172813_1",172813,1,"Langaha madagascariensis","LC","E:\Priority program\Re-PriorityProgram20220903\ReAOH\REPTILES\172813_1.tif"
"15179400_1",15179400,1,"Erythrolamprus taeniogaster","LC","E:\Priority program\Re-PriorityProgram20220903\ReAOH\REPTILES\15179400_1.tif"
"191988_1",191988,1,"Boiga cyanea","LC","E:\Priority program\Re-PriorityProgram20220903\ReAOH\REPTILES\191988_1.tif"
"183192_1",183192,1,"Lycodon tristrigatus","LC","E:\Priority program\Re-PriorityProgram20220903\ReAOH\REPTILES\183192_1.tif"
"102663732_1",102663732,1,"Nephrurus asper","LC","E:\Priority program\Re-PriorityProgram20220903\ReAOH\REPTILES\102663732_1.tif"
"8766_1",8766,1,"Furcifer minor","EN","E:\Priority program\Re-PriorityProgram20220903\ReAOH\REPTILES\8766_1.tif"
"104699508_1",104699508,1,"Cyrtodactylus takouensis","CR","E:\Priority program\Re-PriorityProgram20220903\ReAOH\REPTILES\104699508_1.tif"
"13151869_1",13151869,1,"Acanthodactylus guineensis","LC","E:\Priority program\Re-PriorityProgram20220903\ReAOH\REPTILES\13151869_1.tif"
"64225_1",64225,1,"Plestiodon dugesii","VU","E:\Priority program\Re-PriorityProgram20220903\ReAOH\REPTILES\64225_1.tif"
"109481513_1",109481513,1,"Tiliqua rugosa","LC","E:\Priority program\Re-PriorityProgram20220903\ReAOH\REPTILES\109481513_1.tif"
"203587_1",203587,1,"Rhadinaea vermiculaticeps","NT","E:\Priority program\Re-PriorityProgram20220903\ReAOH\REPTILES\203587_1.tif"
"63818_1",63818,1,"Gyalopion quadrangulare","LC","E:\Priority program\Re-PriorityProgram20220903\ReAOH\REPTILES\63818_1.tif"
"42492478_1",42492478,1,"Stegonotus diehli","LC","E:\Priority program\Re-PriorityProgram20220903\ReAOH\REPTILES\42492478_1.tif"
"172664_1",172664,1,"Indotyphlops exiguus","DD",NA
"64019_1",64019,1,"Micrurus bogerti","DD","E:\Priority program\Re-PriorityProgram20220903\ReAOH\REPTILES\64019_1.tif"
"124309792_1",124309792,1,"Hemidactylus eniangii","LC","E:\Priority program\Re-PriorityProgram20220903\ReAOH\REPTILES\124309792_1.tif"
"110191494_1",110191494,1,"Afroedura loveridgei","LC","E:\Priority program\Re-PriorityProgram20220903\ReAOH\REPTILES\110191494_1.tif"
"109476951_1",109476951,1,"Lerista nevinae","CR","E:\Priority program\Re-PriorityProgram20220903\ReAOH\REPTILES\109476951_1.tif"
"169804_1",169804,1,"Lepidodactylus aureolineatus","LC","E:\Priority program\Re-PriorityProgram20220903\ReAOH\REPTILES\169804_1.tif"
"110211603_1",110211603,1,"Lygodactylus depressus","LC","E:\Priority program\Re-PriorityProgram20220903\ReAOH\REPTILES\110211603_1.tif"
"56063125_1",56063125,1,"Liolaemus josei","LC","E:\Priority program\Re-PriorityProgram20220903\ReAOH\REPTILES\56063125_1.tif"
"194268_1",194268,1,"Amerotyphlops tasymicris","EN","E:\Priority program\Re-PriorityProgram20220903\ReAOH\REPTILES\194268_1.tif"
"170393_1",170393,1,"Draco cornutus","LC","E:\Priority program\Re-PriorityProgram20220903\ReAOH\REPTILES\170393_1.tif"
"50951326_1",50951326,1,"Dipsas alternans","LC","E:\Priority program\Re-PriorityProgram20220903\ReAOH\REPTILES\50951326_1.tif"
"178180_1",178180,1,"Lerista taeniata","LC","E:\Priority program\Re-PriorityProgram20220903\ReAOH\REPTILES\178180_1.tif"
"109463022_1",109463022,1,"Ctenotus australis","LC","E:\Priority program\Re-PriorityProgram20220903\ReAOH\REPTILES\109463022_1.tif"
"75605347_1",75605347,1,"Sphaerodactylus bromeliarum","DD","E:\Priority program\Re-PriorityProgram20220903\ReAOH\REPTILES\75605347_1.tif"
"11228_1",11228,1,"Lamprophis fuscus","LC","E:\Priority program\Re-PriorityProgram20220903\ReAOH\REPTILES\11228_1.tif"
"56039143_1",56039143,1,"Amphisbaena bolivica","LC","E:\Priority program\Re-PriorityProgram20220903\ReAOH\REPTILES\56039143_1.tif"
"199738_1",199738,1,"Pristurus sokotranus","LC","E:\Priority program\Re-PriorityProgram20220903\ReAOH\REPTILES\199738_1.tif"
"63782_1",63782,1,"Ficimia ramirezi","DD","E:\Priority program\Re-PriorityProgram20220903\ReAOH\REPTILES\63782_1.tif"
"203640_1",203640,1,"Tricheilostoma greenwelli","DD",NA
"44580289_1",44580289,1,"Atractus boulengerii","DD","E:\Priority program\Re-PriorityProgram20220903\ReAOH\REPTILES\44580289_1.tif"
"196961_1",196961,1,"Chirindia rondoensis","DD","E:\Priority program\Re-PriorityProgram20220903\ReAOH\REPTILES\196961_1.tif"
"169787_1",169787,1,"Calamaria bitorques","LC","E:\Priority program\Re-PriorityProgram20220903\ReAOH\REPTILES\169787_1.tif"
"56062960_1",56062960,1,"Liolaemus huayra","LC","E:\Priority program\Re-PriorityProgram20220903\ReAOH\REPTILES\56062960_1.tif"
"203042_1",203042,1,"Diploglossus monotropis","LC","E:\Priority program\Re-PriorityProgram20220903\ReAOH\REPTILES\203042_1.tif"
"172530_1",172530,1,"Nadzikambia mlanjensis","EN","E:\Priority program\Re-PriorityProgram20220903\ReAOH\REPTILES\172530_1.tif"
"124309968_1",124309968,1,"Hemidactylus principensis","NT","E:\Priority program\Re-PriorityProgram20220903\ReAOH\REPTILES\124309968_1.tif"
"50950517_1",50950517,1,"Riama labionis","EN","E:\Priority program\Re-PriorityProgram20220903\ReAOH\REPTILES\50950517_1.tif"
"48617889_1",48617889,1,"Epictia alfredschmidti","DD","E:\Priority program\Re-PriorityProgram20220903\ReAOH\REPTILES\48617889_1.tif"
"172872_1",172872,1,"Pygomeles petteri","EN","E:\Priority program\Re-PriorityProgram20220903\ReAOH\REPTILES\172872_1.tif"
"13264616_1",13264616,1,"Polemon gracilis","LC","E:\Priority program\Re-PriorityProgram20220903\ReAOH\REPTILES\13264616_1.tif"
"48442719_1",48442719,1,"Phyllodactylus angustidigitus","EN","E:\Priority program\Re-PriorityProgram20220903\ReAOH\REPTILES\48442719_1.tif"
"192216_1",192216,1,"Oligodon catenatus","LC","E:\Priority program\Re-PriorityProgram20220903\ReAOH\REPTILES\192216_1.tif"
"15202826_1",15202826,1,"Micrurus annellatus","LC","E:\Priority program\Re-PriorityProgram20220903\ReAOH\REPTILES\15202826_1.tif"
"109465162_1",109465162,1,"Cyclodomorphus michaeli","LC","E:\Priority program\Re-PriorityProgram20220903\ReAOH\REPTILES\109465162_1.tif"
"7709_1",7709,1,"Emydoidea blandingii","EN","E:\Priority program\Re-PriorityProgram20220903\ReAOH\REPTILES\7709_1.tif"
"157581549_1",157581549,1,"Hemidactylus sankariensis","DD","E:\Priority program\Re-PriorityProgram20220903\ReAOH\REPTILES\157581549_1.tif"
"203097_1",203097,1,"Anolis insignis","LC","E:\Priority program\Re-PriorityProgram20220903\ReAOH\REPTILES\203097_1.tif"
"177433_1",177433,1,"Oxyrhopus occipitalis","LC","E:\Priority program\Re-PriorityProgram20220903\ReAOH\REPTILES\177433_1.tif"
"172536_1",172536,1,"Chamaeleo gracilis","LC","E:\Priority program\Re-PriorityProgram20220903\ReAOH\REPTILES\172536_1.tif"
"63936_1",63936,1,"Tantilla bocourti","LC","E:\Priority program\Re-PriorityProgram20220903\ReAOH\REPTILES\63936_1.tif"
"164691_1",164691,1,"Eremias lalezharica","LC","E:\Priority program\Re-PriorityProgram20220903\ReAOH\REPTILES\164691_1.tif"
"109476517_1",109476517,1,"Lerista kalumburu","LC",NA
"172841_1",172841,1,"Dromicodryas quadrilineatus","LC","E:\Priority program\Re-PriorityProgram20220903\ReAOH\REPTILES\172841_1.tif"
"110230213_1",110230213,1,"Trachylepis homalocephala","LC","E:\Priority program\Re-PriorityProgram20220903\ReAOH\REPTILES\110230213_1.tif"
"123768950_1",123768950,1,"Cuora trifasciata","CR","E:\Priority program\Re-PriorityProgram20220903\ReAOH\REPTILES\123768950_1.tif"
"44188_1",44188,1,"Ctenosaura flavidorsalis","NT","E:\Priority program\Re-PriorityProgram20220903\ReAOH\REPTILES\44188_1.tif"
"48283868_1",48283868,1,"Riama laudahnae","DD","E:\Priority program\Re-PriorityProgram20220903\ReAOH\REPTILES\48283868_1.tif"
"42493288_1",42493288,1,"Pseudechis rossignolii","DD","E:\Priority program\Re-PriorityProgram20220903\ReAOH\REPTILES\42493288_1.tif"
"203310_1",203310,1,"Tantilla andinista","DD","E:\Priority program\Re-PriorityProgram20220903\ReAOH\REPTILES\203310_1.tif"
"61434_1",61434,1,"Phelsuma sundbergi","LC","E:\Priority program\Re-PriorityProgram20220903\ReAOH\REPTILES\61434_1.tif"
"123732608_1",123732608,1,"Sigaloseps ruficauda","CR","E:\Priority program\Re-PriorityProgram20220903\ReAOH\REPTILES\123732608_1.tif"
"102827684_1",102827684,1,"Aprasia clairae","DD","E:\Priority program\Re-PriorityProgram20220903\ReAOH\REPTILES\102827684_1.tif"
"172901_1",172901,1,"Paroedura stumpffi","LC","E:\Priority program\Re-PriorityProgram20220903\ReAOH\REPTILES\172901_1.tif"
"203826_1",203826,1,"Trioceros kinetensis","DD",NA
"196940_1",196940,1,"Pachydactylus mariquensis","LC","E:\Priority program\Re-PriorityProgram20220903\ReAOH\REPTILES\196940_1.tif"
"109452875_1",109452875,1,"Cryptoblepharus caudatus","CR",NA
"61503_1",61503,1,"Gallotia caesaris","LC","E:\Priority program\Re-PriorityProgram20220903\ReAOH\REPTILES\61503_1.tif"
"172669_1",172669,1,"Dendrelaphis caudolineolatus","VU","E:\Priority program\Re-PriorityProgram20220903\ReAOH\REPTILES\172669_1.tif"
"56118863_1",56118863,1,"Liolaemus robertoi","EN","E:\Priority program\Re-PriorityProgram20220903\ReAOH\REPTILES\56118863_1.tif"
"164696_1",164696,1,"Gloydius intermedius","LC","E:\Priority program\Re-PriorityProgram20220903\ReAOH\REPTILES\164696_1.tif"
"6010_1",6010,1,"Oligosoma alani","VU","E:\Priority program\Re-PriorityProgram20220903\ReAOH\REPTILES\6010_1.tif"
"63835_1",63835,1,"Leptodeira frenata","LC","E:\Priority program\Re-PriorityProgram20220903\ReAOH\REPTILES\63835_1.tif"
"62246_1",62246,1,"Egernia stokesii","LC","E:\Priority program\Re-PriorityProgram20220903\ReAOH\REPTILES\62246_1.tif"
"192222_1",192222,1,"Tetralepis fruhstorferi","VU","E:\Priority program\Re-PriorityProgram20220903\ReAOH\REPTILES\192222_1.tif"
"89931365_1",89931365,1,"Aspidoscelis inornata","LC","E:\Priority program\Re-PriorityProgram20220903\ReAOH\REPTILES\89931365_1.tif"
"178328_1",178328,1,"Crocodilurus amazonicus","LC","E:\Priority program\Re-PriorityProgram20220903\ReAOH\REPTILES\178328_1.tif"
"172991_1",172991,1,"Lygodactylus arnoulti","LC","E:\Priority program\Re-PriorityProgram20220903\ReAOH\REPTILES\172991_1.tif"
"178383_1",178383,1,"Argyrophis siamensis","DD","E:\Priority program\Re-PriorityProgram20220903\ReAOH\REPTILES\178383_1.tif"
"203300_1",203300,1,"Mastigodryas bruesi","LC","E:\Priority program\Re-PriorityProgram20220903\ReAOH\REPTILES\203300_1.tif"
"96265465_1",96265465,1,"Protobothrops elegans","LC","E:\Priority program\Re-PriorityProgram20220903\ReAOH\REPTILES\96265465_1.tif"
"63871_1",63871,1,"Pituophis insulanus","LC","E:\Priority program\Re-PriorityProgram20220903\ReAOH\REPTILES\63871_1.tif"
"110133782_1",110133782,1,"Boaedon upembae","LC","E:\Priority program\Re-PriorityProgram20220903\ReAOH\REPTILES\110133782_1.tif"
"75089652_1",75089652,1,"Anolis bartschi","LC","E:\Priority program\Re-PriorityProgram20220903\ReAOH\REPTILES\75089652_1.tif"
"191998_1",191998,1,"Calliophis gracilis","DD","E:\Priority program\Re-PriorityProgram20220903\ReAOH\REPTILES\191998_1.tif"
"17451130_1",17451130,1,"Dendragama boulengeri","LC","E:\Priority program\Re-PriorityProgram20220903\ReAOH\REPTILES\17451130_1.tif"
"102965746_1",102965746,1,"Calyptotis ruficauda","LC","E:\Priority program\Re-PriorityProgram20220903\ReAOH\REPTILES\102965746_1.tif"
"192156_1",192156,1,"Hebius venningi","LC","E:\Priority program\Re-PriorityProgram20220903\ReAOH\REPTILES\192156_1.tif"
"178534_1",178534,1,"Takydromus hani","LC","E:\Priority program\Re-PriorityProgram20220903\ReAOH\REPTILES\178534_1.tif"
"176779_1",176779,1,"Dasypeltis fasciata","LC","E:\Priority program\Re-PriorityProgram20220903\ReAOH\REPTILES\176779_1.tif"
"178527_1",178527,1,"Trachylepis madagascariensis","LC","E:\Priority program\Re-PriorityProgram20220903\ReAOH\REPTILES\178527_1.tif"
"110164693_1",110164693,1,"Platysaurus lebomboensis","LC","E:\Priority program\Re-PriorityProgram20220903\ReAOH\REPTILES\110164693_1.tif"
"18490765_1",18490765,1,"Hemidactylus kushmorensis","DD",NA
"169757_1",169757,1,"Gekko romblon","LC","E:\Priority program\Re-PriorityProgram20220903\ReAOH\REPTILES\169757_1.tif"
"44979152_1",44979152,1,"Scelotes insularis","LC",NA
"42683517_1",42683517,1,"Bradypodion pumilum","NT","E:\Priority program\Re-PriorityProgram20220903\ReAOH\REPTILES\42683517_1.tif"
"199608_1",199608,1,"Acanthodactylus masirae","DD","E:\Priority program\Re-PriorityProgram20220903\ReAOH\REPTILES\199608_1.tif"
"196596_1",196596,1,"Cryptoblepharus novohebridicus","LC","E:\Priority program\Re-PriorityProgram20220903\ReAOH\REPTILES\196596_1.tif"
"176304_1",176304,1,"Calumma glawi","EN","E:\Priority program\Re-PriorityProgram20220903\ReAOH\REPTILES\176304_1.tif"
"44577793_1",44577793,1,"Anolis tolimensis","LC","E:\Priority program\Re-PriorityProgram20220903\ReAOH\REPTILES\44577793_1.tif"
"115605109_1",115605109,1,"Hemidactylus chipkali","LC","E:\Priority program\Re-PriorityProgram20220903\ReAOH\REPTILES\115605109_1.tif"
"13151966_1",13151966,1,"Latastia ornata","DD","E:\Priority program\Re-PriorityProgram20220903\ReAOH\REPTILES\13151966_1.tif"
"48283679_1",48283679,1,"Proctoporus pachyurus","NT","E:\Priority program\Re-PriorityProgram20220903\ReAOH\REPTILES\48283679_1.tif"
"164575_1",164575,1,"Apathya cappadocica","LC","E:\Priority program\Re-PriorityProgram20220903\ReAOH\REPTILES\164575_1.tif"
"18489229_1",18489229,1,"Hemidactylus craspedotus","LC","E:\Priority program\Re-PriorityProgram20220903\ReAOH\REPTILES\18489229_1.tif"
"47755997_1",47755997,1,"Takydromus amurensis","LC","E:\Priority program\Re-PriorityProgram20220903\ReAOH\REPTILES\47755997_1.tif"
"176807_1",176807,1,"Geophis dunni","DD","E:\Priority program\Re-PriorityProgram20220903\ReAOH\REPTILES\176807_1.tif"
"44578882_1",44578882,1,"Tretioscincus oriximinensis","LC","E:\Priority program\Re-PriorityProgram20220903\ReAOH\REPTILES\44578882_1.tif"
"169868_1",169868,1,"Pseudogekko smaragdinus","LC","E:\Priority program\Re-PriorityProgram20220903\ReAOH\REPTILES\169868_1.tif"
"44581189_1",44581189,1,"Atractus melas","LC","E:\Priority program\Re-PriorityProgram20220903\ReAOH\REPTILES\44581189_1.tif"
"75605531_1",75605531,1,"Sphaerodactylus microlepis","NT","E:\Priority program\Re-PriorityProgram20220903\ReAOH\REPTILES\75605531_1.tif"
"48442676_1",48442676,1,"Liolaemus polystictus","LC","E:\Priority program\Re-PriorityProgram20220903\ReAOH\REPTILES\48442676_1.tif"
"44581968_1",44581968,1,"Micrurus nattereri","LC","E:\Priority program\Re-PriorityProgram20220903\ReAOH\REPTILES\44581968_1.tif"
"191930_1",191930,1,"Sinomicrurus macclellandi","LC","E:\Priority program\Re-PriorityProgram20220903\ReAOH\REPTILES\191930_1.tif"
"102658101_1",102658101,1,"Scincella potanini","LC","E:\Priority program\Re-PriorityProgram20220903\ReAOH\REPTILES\102658101_1.tif"
"47752024_1",47752024,1,"Laudakia pakistanica","LC","E:\Priority program\Re-PriorityProgram20220903\ReAOH\REPTILES\47752024_1.tif"
"102343154_1",102343154,1,"Dasia vittata","LC","E:\Priority program\Re-PriorityProgram20220903\ReAOH\REPTILES\102343154_1.tif"
"191964_1",191964,1,"Hebius frenatus","DD","E:\Priority program\Re-PriorityProgram20220903\ReAOH\REPTILES\191964_1.tif"
"48617241_1",48617241,1,"Stenocercus ochoai","LC","E:\Priority program\Re-PriorityProgram20220903\ReAOH\REPTILES\48617241_1.tif"
"194115_1",194115,1,"Eutropis allapallensis","LC",NA
"42494036_1",42494036,1,"Leiopython huonensis","DD",NA
"176193_1",176193,1,"Graciliscincus shonae","VU","E:\Priority program\Re-PriorityProgram20220903\ReAOH\REPTILES\176193_1.tif"
"150217347_1",150217347,1,"Afrotyphlops chirioi","DD","E:\Priority program\Re-PriorityProgram20220903\ReAOH\REPTILES\150217347_1.tif"
"44980087_1",44980087,1,"Psammophis zambiensis","NT","E:\Priority program\Re-PriorityProgram20220903\ReAOH\REPTILES\44980087_1.tif"
"42492191_1",42492191,1,"Dendrelaphis nigroserratus","LC","E:\Priority program\Re-PriorityProgram20220903\ReAOH\REPTILES\42492191_1.tif"
"177528_1",177528,1,"Pseudoeryx plicatilis","LC","E:\Priority program\Re-PriorityProgram20220903\ReAOH\REPTILES\177528_1.tif"
"47755277_1",47755277,1,"Cyrtopodion rhodocauda","LC","E:\Priority program\Re-PriorityProgram20220903\ReAOH\REPTILES\47755277_1.tif"
"64369_1",64369,1,"Xenosaurus grandis","VU","E:\Priority program\Re-PriorityProgram20220903\ReAOH\REPTILES\64369_1.tif"
"75605520_1",75605520,1,"Sphaerodactylus mariguanae","EN","E:\Priority program\Re-PriorityProgram20220903\ReAOH\REPTILES\75605520_1.tif"
"178745_1",178745,1,"Anolis eulaemus","LC","E:\Priority program\Re-PriorityProgram20220903\ReAOH\REPTILES\178745_1.tif"
"176179_1",176179,1,"Caledoniscincus renevieri","EN","E:\Priority program\Re-PriorityProgram20220903\ReAOH\REPTILES\176179_1.tif"
"192142_1",192142,1,"Hebius modestus","LC",NA
"203021_1",203021,1,"Celestus agasepsoides","EN","E:\Priority program\Re-PriorityProgram20220903\ReAOH\REPTILES\203021_1.tif"
"176853_1",176853,1,"Lycophidion nanum","LC","E:\Priority program\Re-PriorityProgram20220903\ReAOH\REPTILES\176853_1.tif"
"54586549_1",54586549,1,"Cyrtodactylus angularis","LC","E:\Priority program\Re-PriorityProgram20220903\ReAOH\REPTILES\54586549_1.tif"
"203850_1",203850,1,"Lygodactylus gutturalis","LC","E:\Priority program\Re-PriorityProgram20220903\ReAOH\REPTILES\203850_1.tif"
"196925_1",196925,1,"Lygodactylus soutpansbergensis","LC","E:\Priority program\Re-PriorityProgram20220903\ReAOH\REPTILES\196925_1.tif"
"75086821_1",75086821,1,"Anolis smaragdinus","LC","E:\Priority program\Re-PriorityProgram20220903\ReAOH\REPTILES\75086821_1.tif"
"44579917_1",44579917,1,"Stenocercus iridescens","LC","E:\Priority program\Re-PriorityProgram20220903\ReAOH\REPTILES\44579917_1.tif"
"110159200_1",110159200,1,"Cordylus angolensis","DD","E:\Priority program\Re-PriorityProgram20220903\ReAOH\REPTILES\110159200_1.tif"
"190592_1",190592,1,"Arrhyton procerum","DD","E:\Priority program\Re-PriorityProgram20220903\ReAOH\REPTILES\190592_1.tif"
"50950394_1",50950394,1,"Anolis parilis","VU","E:\Priority program\Re-PriorityProgram20220903\ReAOH\REPTILES\50950394_1.tif"
"196586_1",196586,1,"Perochirus ateles","VU","E:\Priority program\Re-PriorityProgram20220903\ReAOH\REPTILES\196586_1.tif"
"63750_1",63750,1,"Coniophanes imperialis","LC","E:\Priority program\Re-PriorityProgram20220903\ReAOH\REPTILES\63750_1.tif"
"203174_1",203174,1,"Coleodactylus meridionalis","LC","E:\Priority program\Re-PriorityProgram20220903\ReAOH\REPTILES\203174_1.tif"
"192040_1",192040,1,"Elaphe moellendorffi","VU","E:\Priority program\Re-PriorityProgram20220903\ReAOH\REPTILES\192040_1.tif"
"191967_1",191967,1,"Pareas formosensis","LC","E:\Priority program\Re-PriorityProgram20220903\ReAOH\REPTILES\191967_1.tif"
"172527_1",172527,1,"Trioceros ntunte","DD",NA
"169809_1",169809,1,"Rhabdophis lineatus","LC","E:\Priority program\Re-PriorityProgram20220903\ReAOH\REPTILES\169809_1.tif"
"178617_1",178617,1,"Atheris barbouri","VU","E:\Priority program\Re-PriorityProgram20220903\ReAOH\REPTILES\178617_1.tif"
"196606_1",196606,1,"Emoia jakati","LC","E:\Priority program\Re-PriorityProgram20220903\ReAOH\REPTILES\196606_1.tif"
"15178420_1",15178420,1,"Helicops angulatus","LC","E:\Priority program\Re-PriorityProgram20220903\ReAOH\REPTILES\15178420_1.tif"
"104837010_1",104837010,1,"Calamaria banggaiensis","DD",NA
"178610_1",178610,1,"Urocotyledon weileri","EN","E:\Priority program\Re-PriorityProgram20220903\ReAOH\REPTILES\178610_1.tif"
"67611176_1",67611176,1,"Atractus turikensis","LC","E:\Priority program\Re-PriorityProgram20220903\ReAOH\REPTILES\67611176_1.tif"
"178353_1",178353,1,"Liolaemus williamsi","LC","E:\Priority program\Re-PriorityProgram20220903\ReAOH\REPTILES\178353_1.tif"
"61541_1",61541,1,"Ophisops occidentalis","LC","E:\Priority program\Re-PriorityProgram20220903\ReAOH\REPTILES\61541_1.tif"
"10825_1",10825,1,"Indotestudo forstenii","CR","E:\Priority program\Re-PriorityProgram20220903\ReAOH\REPTILES\10825_1.tif"
"192054_1",192054,1,"Ptyas major","LC","E:\Priority program\Re-PriorityProgram20220903\ReAOH\REPTILES\192054_1.tif"
"54587109_1",54587109,1,"Cyrtodactylus bintangtinggi","NT","E:\Priority program\Re-PriorityProgram20220903\ReAOH\REPTILES\54587109_1.tif"
"120686334_1",120686334,1,"Narudasia festiva","LC","E:\Priority program\Re-PriorityProgram20220903\ReAOH\REPTILES\120686334_1.tif"
"176139_1",176139,1,"Bavayia geitaina","NT","E:\Priority program\Re-PriorityProgram20220903\ReAOH\REPTILES\176139_1.tif"
"64012_1",64012,1,"Crotaphytus reticulatus","VU","E:\Priority program\Re-PriorityProgram20220903\ReAOH\REPTILES\64012_1.tif"
"176190_1",176190,1,"Phasmasaurus tillieri","NT","E:\Priority program\Re-PriorityProgram20220903\ReAOH\REPTILES\176190_1.tif"
"50951272_1",50951272,1,"Dipsas andiana","NT","E:\Priority program\Re-PriorityProgram20220903\ReAOH\REPTILES\50951272_1.tif"
"44578302_1",44578302,1,"Arthrosaura hoogmoedi","LC","E:\Priority program\Re-PriorityProgram20220903\ReAOH\REPTILES\44578302_1.tif"
"67610489_1",67610489,1,"Atractus mariselae","LC","E:\Priority program\Re-PriorityProgram20220903\ReAOH\REPTILES\67610489_1.tif"
"114619032_1",114619032,1,"Asymblepharus mahabharatus","DD","E:\Priority program\Re-PriorityProgram20220903\ReAOH\REPTILES\114619032_1.tif"
"157579609_1",157579609,1,"Ahaetulla laudankia","LC","E:\Priority program\Re-PriorityProgram20220903\ReAOH\REPTILES\157579609_1.tif"
"198391_1",198391,1,"Oxyrhopus petolarius","LC","E:\Priority program\Re-PriorityProgram20220903\ReAOH\REPTILES\198391_1.tif"
"109476480_1",109476480,1,"Lerista ingrami","DD",NA
"178294_1",178294,1,"Lepidophyma reticulatum","LC","E:\Priority program\Re-PriorityProgram20220903\ReAOH\REPTILES\178294_1.tif"
"176740_1",176740,1,"Laticauda schistorhynchus","VU",NA
"104771003_1",104771003,1,"Sphenomorphus celebensis","DD",NA
"68603427_1",68603427,1,"Chironius spixii","LC","E:\Priority program\Re-PriorityProgram20220903\ReAOH\REPTILES\68603427_1.tif"
"56154005_1",56154005,1,"Liolaemus tandiliensis","VU","E:\Priority program\Re-PriorityProgram20220903\ReAOH\REPTILES\56154005_1.tif"
"48442737_1",48442737,1,"Phyllodactylus delsolari","EN","E:\Priority program\Re-PriorityProgram20220903\ReAOH\REPTILES\48442737_1.tif"
"16394034_1",16394034,1,"Melanoseps pygmaeus","LC","E:\Priority program\Re-PriorityProgram20220903\ReAOH\REPTILES\16394034_1.tif"
"203675_1",203675,1,"Anolis benedikti","EN","E:\Priority program\Re-PriorityProgram20220903\ReAOH\REPTILES\203675_1.tif"
"172885_1",172885,1,"Brookesia decaryi","EN","E:\Priority program\Re-PriorityProgram20220903\ReAOH\REPTILES\172885_1.tif"
"172699_1",172699,1,"Uropeltis maculata","DD","E:\Priority program\Re-PriorityProgram20220903\ReAOH\REPTILES\172699_1.tif"
"56219418_1",56219418,1,"Phymaturus bibronii","EN","E:\Priority program\Re-PriorityProgram20220903\ReAOH\REPTILES\56219418_1.tif"
"15181448_1",15181448,1,"Phalotris lativittatus","NT","E:\Priority program\Re-PriorityProgram20220903\ReAOH\REPTILES\15181448_1.tif"
"48617938_1",48617938,1,"Epictia teaguei","DD","E:\Priority program\Re-PriorityProgram20220903\ReAOH\REPTILES\48617938_1.tif"
"110134030_1",110134030,1,"Lycodonomorphus rufulus","LC","E:\Priority program\Re-PriorityProgram20220903\ReAOH\REPTILES\110134030_1.tif"
"64036_1",64036,1,"Coleonyx gypsicolus","LC","E:\Priority program\Re-PriorityProgram20220903\ReAOH\REPTILES\64036_1.tif"
"110211643_1",110211643,1,"Lygodactylus grotei","LC","E:\Priority program\Re-PriorityProgram20220903\ReAOH\REPTILES\110211643_1.tif"
"102874461_1",102874461,1,"Anilios yampiensis","DD",NA
"44648448_1",44648448,1,"Lygodactylus mombasicus","LC","E:\Priority program\Re-PriorityProgram20220903\ReAOH\REPTILES\44648448_1.tif"
"104716767_1",104716767,1,"Cyrtodactylus wallacei","EN","E:\Priority program\Re-PriorityProgram20220903\ReAOH\REPTILES\104716767_1.tif"
"192168_1",192168,1,"Calloselasma rhodostoma","LC","E:\Priority program\Re-PriorityProgram20220903\ReAOH\REPTILES\192168_1.tif"
"83778365_1",83778365,1,"Varanus pilbarensis","LC","E:\Priority program\Re-PriorityProgram20220903\ReAOH\REPTILES\83778365_1.tif"
"172526_1",172526,1,"Chamaeleo anchietae","LC","E:\Priority program\Re-PriorityProgram20220903\ReAOH\REPTILES\172526_1.tif"
"199841_1",199841,1,"Acanthodactylus yemenicus","LC","E:\Priority program\Re-PriorityProgram20220903\ReAOH\REPTILES\199841_1.tif"
"198540_1",198540,1,"Xenodon rabdocephalus","LC","E:\Priority program\Re-PriorityProgram20220903\ReAOH\REPTILES\198540_1.tif"
"190542_1",190542,1,"Pseudalsophis steindachneri","NT","E:\Priority program\Re-PriorityProgram20220903\ReAOH\REPTILES\190542_1.tif"
"29483_1",29483,1,"Acanthodactylus nilsoni","DD","E:\Priority program\Re-PriorityProgram20220903\ReAOH\REPTILES\29483_1.tif"
"194064_1",194064,1,"Trimeresurus cardamomensis","LC","E:\Priority program\Re-PriorityProgram20220903\ReAOH\REPTILES\194064_1.tif"
"96105971_1",96105971,1,"Helicops apiaka","LC","E:\Priority program\Re-PriorityProgram20220903\ReAOH\REPTILES\96105971_1.tif"
"203440_1",203440,1,"Clelia equatoriana","LC","E:\Priority program\Re-PriorityProgram20220903\ReAOH\REPTILES\203440_1.tif"
"44979927_1",44979927,1,"Myriopholis ionidesi","LC","E:\Priority program\Re-PriorityProgram20220903\ReAOH\REPTILES\44979927_1.tif"
"83777806_1",83777806,1,"Varanus gilleni","LC","E:\Priority program\Re-PriorityProgram20220903\ReAOH\REPTILES\83777806_1.tif"
"172858_1",172858,1,"Brookesia vadoni","VU","E:\Priority program\Re-PriorityProgram20220903\ReAOH\REPTILES\172858_1.tif"
"196893_1",196893,1,"Afroedura major","LC","E:\Priority program\Re-PriorityProgram20220903\ReAOH\REPTILES\196893_1.tif"
"104716910_1",104716910,1,"Dixonius taoi","VU","E:\Priority program\Re-PriorityProgram20220903\ReAOH\REPTILES\104716910_1.tif"
"63840_1",63840,1,"Leptophis diplotropis","LC","E:\Priority program\Re-PriorityProgram20220903\ReAOH\REPTILES\63840_1.tif"
"176360_1",176360,1,"Atractus roulei","VU","E:\Priority program\Re-PriorityProgram20220903\ReAOH\REPTILES\176360_1.tif"
"99943296_1",99943296,1,"Cnemaspis paripari","CR","E:\Priority program\Re-PriorityProgram20220903\ReAOH\REPTILES\99943296_1.tif"
"5659_1",5659,1,"Crocodylus acutus","VU","E:\Priority program\Re-PriorityProgram20220903\ReAOH\REPTILES\5659_1.tif"
"203295_1",203295,1,"Leptophis stimsoni","LC","E:\Priority program\Re-PriorityProgram20220903\ReAOH\REPTILES\203295_1.tif"
"178656_1",178656,1,"Hemidactylus arnoldi","DD","E:\Priority program\Re-PriorityProgram20220903\ReAOH\REPTILES\178656_1.tif"
"169704_1",169704,1,"Afrogecko porphyreus","LC","E:\Priority program\Re-PriorityProgram20220903\ReAOH\REPTILES\169704_1.tif"
"49845528_1",49845528,1,"Tropidurus catalanensis","LC","E:\Priority program\Re-PriorityProgram20220903\ReAOH\REPTILES\49845528_1.tif"
"22528805_1",22528805,1,"Diporiphora winneckei","LC","E:\Priority program\Re-PriorityProgram20220903\ReAOH\REPTILES\22528805_1.tif"
"13155139_1",13155139,1,"Panaspis breviceps","LC","E:\Priority program\Re-PriorityProgram20220903\ReAOH\REPTILES\13155139_1.tif"
"199847_1",199847,1,"Tropiocolotes wolfgangboehmei","DD","E:\Priority program\Re-PriorityProgram20220903\ReAOH\REPTILES\199847_1.tif"
"75606659_1",75606659,1,"Tropidophis stejnegeri","NT","E:\Priority program\Re-PriorityProgram20220903\ReAOH\REPTILES\75606659_1.tif"
"44578718_1",44578718,1,"Potamites ocellatus","VU","E:\Priority program\Re-PriorityProgram20220903\ReAOH\REPTILES\44578718_1.tif"
"63722_1",63722,1,"Anniella geronimensis","EN",NA
"42483315_1",42483315,1,"Carlia longipes","LC","E:\Priority program\Re-PriorityProgram20220903\ReAOH\REPTILES\42483315_1.tif"
"197469_1",197469,1,"Clelia scytalina","LC","E:\Priority program\Re-PriorityProgram20220903\ReAOH\REPTILES\197469_1.tif"
"44577347_1",44577347,1,"Anolis gaigei","LC","E:\Priority program\Re-PriorityProgram20220903\ReAOH\REPTILES\44577347_1.tif"
"109462814_1",109462814,1,"Cryptoblepharus ustulatus","LC","E:\Priority program\Re-PriorityProgram20220903\ReAOH\REPTILES\109462814_1.tif"
"44579268_1",44579268,1,"Gonatodes concinnatus","LC","E:\Priority program\Re-PriorityProgram20220903\ReAOH\REPTILES\44579268_1.tif"
"178747_1",178747,1,"Cryptophis pallidiceps","LC","E:\Priority program\Re-PriorityProgram20220903\ReAOH\REPTILES\178747_1.tif"
"47155189_1",47155189,1,"Lygisaurus tanneri","LC","E:\Priority program\Re-PriorityProgram20220903\ReAOH\REPTILES\47155189_1.tif"
"75605636_1",75605636,1,"Sphaerodactylus phyzacinus","EN","E:\Priority program\Re-PriorityProgram20220903\ReAOH\REPTILES\75605636_1.tif"
"42482814_1",42482814,1,"Gehyra baliola","LC","E:\Priority program\Re-PriorityProgram20220903\ReAOH\REPTILES\42482814_1.tif"
"56251820_1",56251820,1,"Phymaturus verdugo","LC","E:\Priority program\Re-PriorityProgram20220903\ReAOH\REPTILES\56251820_1.tif"
"44579349_1",44579349,1,"Lepidoblepharis festae","LC","E:\Priority program\Re-PriorityProgram20220903\ReAOH\REPTILES\44579349_1.tif"
"164763_1",164763,1,"Asaccus kermanshahensis","LC","E:\Priority program\Re-PriorityProgram20220903\ReAOH\REPTILES\164763_1.tif"
"145974379_1",145974379,1,"Aspidura desilvai","CR","E:\Priority program\Re-PriorityProgram20220903\ReAOH\REPTILES\145974379_1.tif"
"64175_1",64175,1,"Uta encantadae","VU","E:\Priority program\Re-PriorityProgram20220903\ReAOH\REPTILES\64175_1.tif"
"191922_1",191922,1,"Asthenodipsas laevis","LC","E:\Priority program\Re-PriorityProgram20220903\ReAOH\REPTILES\191922_1.tif"
"13265980_1",13265980,1,"Grayia ornata","LC","E:\Priority program\Re-PriorityProgram20220903\ReAOH\REPTILES\13265980_1.tif"
"174473_1",174473,1,"Ctenosaura acanthura","LC","E:\Priority program\Re-PriorityProgram20220903\ReAOH\REPTILES\174473_1.tif"
"124313321_1",124313321,1,"Trachylepis gonwouoi","LC","E:\Priority program\Re-PriorityProgram20220903\ReAOH\REPTILES\124313321_1.tif"
"109480916_1",109480916,1,"Proablepharus tenuis","LC","E:\Priority program\Re-PriorityProgram20220903\ReAOH\REPTILES\109480916_1.tif"
"50951300_1",50951300,1,"Dipsas oreas","NT","E:\Priority program\Re-PriorityProgram20220903\ReAOH\REPTILES\50951300_1.tif"
"169846_1",169846,1,"Ptyas luzonensis","LC","E:\Priority program\Re-PriorityProgram20220903\ReAOH\REPTILES\169846_1.tif"
"64271_1",64271,1,"Aspidoscelis labialis","VU","E:\Priority program\Re-PriorityProgram20220903\ReAOH\REPTILES\64271_1.tif"
"104683709_1",104683709,1,"Cnemaspis neangthyi","EN","E:\Priority program\Re-PriorityProgram20220903\ReAOH\REPTILES\104683709_1.tif"
"192090_1",192090,1,"Trimeresurus medoensis","DD","E:\Priority program\Re-PriorityProgram20220903\ReAOH\REPTILES\192090_1.tif"
"63842_1",63842,1,"Opheodrys vernalis","LC","E:\Priority program\Re-PriorityProgram20220903\ReAOH\REPTILES\63842_1.tif"
"178724_1",178724,1,"Colobodactylus dalcyanus","EN","E:\Priority program\Re-PriorityProgram20220903\ReAOH\REPTILES\178724_1.tif"
"174097_1",174097,1,"Lycodonomorphus inornatus","LC","E:\Priority program\Re-PriorityProgram20220903\ReAOH\REPTILES\174097_1.tif"
"102658398_1",102658398,1,"Scincella schmidti","DD",NA
"193207346_1",193207346,1,"Lepidodactylus magnus","LC","E:\Priority program\Re-PriorityProgram20220903\ReAOH\REPTILES\193207346_1.tif"
"178396_1",178396,1,"Gymnophthalmus pleii","NT","E:\Priority program\Re-PriorityProgram20220903\ReAOH\REPTILES\178396_1.tif"
"196894_1",196894,1,"Afroedura marleyi","LC","E:\Priority program\Re-PriorityProgram20220903\ReAOH\REPTILES\196894_1.tif"
"48442821_1",48442821,1,"Phyllodactylus kofordi","LC","E:\Priority program\Re-PriorityProgram20220903\ReAOH\REPTILES\48442821_1.tif"
"176307_1",176307,1,"Trioceros chapini","LC","E:\Priority program\Re-PriorityProgram20220903\ReAOH\REPTILES\176307_1.tif"
"73024495_1",73024495,1,"Anolis conspersus","LC","E:\Priority program\Re-PriorityProgram20220903\ReAOH\REPTILES\73024495_1.tif"
"13264680_1",13264680,1,"Polemon neuwiedi","LC","E:\Priority program\Re-PriorityProgram20220903\ReAOH\REPTILES\13264680_1.tif"
"15158247_1",15158247,1,"Atractus francoi","LC","E:\Priority program\Re-PriorityProgram20220903\ReAOH\REPTILES\15158247_1.tif"
"192061_1",192061,1,"Malayotyphlops koekkoeki","DD",NA
"203202_1",203202,1,"Liotyphlops trefauti","DD","E:\Priority program\Re-PriorityProgram20220903\ReAOH\REPTILES\203202_1.tif"
"172821_1",172821,1,"Calumma marojezense","NT","E:\Priority program\Re-PriorityProgram20220903\ReAOH\REPTILES\172821_1.tif"
"176302_1",176302,1,"Calumma fallax","DD","E:\Priority program\Re-PriorityProgram20220903\ReAOH\REPTILES\176302_1.tif"
"191970_1",191970,1,"Dendrelaphis subocularis","LC","E:\Priority program\Re-PriorityProgram20220903\ReAOH\REPTILES\191970_1.tif"
"44582094_1",44582094,1,"Micrurus surinamensis","LC","E:\Priority program\Re-PriorityProgram20220903\ReAOH\REPTILES\44582094_1.tif"
"176843_1",176843,1,"Lycodon jara","LC","E:\Priority program\Re-PriorityProgram20220903\ReAOH\REPTILES\176843_1.tif"
"198382_1",198382,1,"Mastigodryas dorsalis","LC","E:\Priority program\Re-PriorityProgram20220903\ReAOH\REPTILES\198382_1.tif"
"61498_1",61498,1,"Eirenis lineomaculatus","LC","E:\Priority program\Re-PriorityProgram20220903\ReAOH\REPTILES\61498_1.tif"
"15263_1",15263,1,"Oligosoma fallai","VU","E:\Priority program\Re-PriorityProgram20220903\ReAOH\REPTILES\15263_1.tif"
"169879_1",169879,1,"Eutropis englei","DD","E:\Priority program\Re-PriorityProgram20220903\ReAOH\REPTILES\169879_1.tif"
"178698_1",178698,1,"Cyrtodactylus triedrus","NT","E:\Priority program\Re-PriorityProgram20220903\ReAOH\REPTILES\178698_1.tif"
"193489_1",193489,1,"Phelsuma ravenala","LC","E:\Priority program\Re-PriorityProgram20220903\ReAOH\REPTILES\193489_1.tif"
"192044_1",192044,1,"Gonyosoma margaritatum","LC","E:\Priority program\Re-PriorityProgram20220903\ReAOH\REPTILES\192044_1.tif"
"15202882_1",15202882,1,"Micrurus hemprichii","LC","E:\Priority program\Re-PriorityProgram20220903\ReAOH\REPTILES\15202882_1.tif"
"164638_1",164638,1,"Darevskia mixta","NT","E:\Priority program\Re-PriorityProgram20220903\ReAOH\REPTILES\164638_1.tif"
"102838535_1",102838535,1,"Anilios diversus","LC","E:\Priority program\Re-PriorityProgram20220903\ReAOH\REPTILES\102838535_1.tif"
"192173_1",192173,1,"Sinomicrurus sauteri","LC","E:\Priority program\Re-PriorityProgram20220903\ReAOH\REPTILES\192173_1.tif"
"42485242_1",42485242,1,"Sphenomorphus forbesi","LC","E:\Priority program\Re-PriorityProgram20220903\ReAOH\REPTILES\42485242_1.tif"
"120189166_1",120189166,1,"Oligosoma burganae","CR","E:\Priority program\Re-PriorityProgram20220903\ReAOH\REPTILES\120189166_1.tif"
"183194_1",183194,1,"Coelognathus erythrurus","LC","E:\Priority program\Re-PriorityProgram20220903\ReAOH\REPTILES\183194_1.tif"
"56251524_1",56251524,1,"Phymaturus somuncurensis","LC","E:\Priority program\Re-PriorityProgram20220903\ReAOH\REPTILES\56251524_1.tif"
"203147_1",203147,1,"Leiosaurus bellii","LC","E:\Priority program\Re-PriorityProgram20220903\ReAOH\REPTILES\203147_1.tif"
"203821_1",203821,1,"Trioceros balebicornutus","NT",NA
"16393531_1",16393531,1,"Agama gracilimembris","LC","E:\Priority program\Re-PriorityProgram20220903\ReAOH\REPTILES\16393531_1.tif"
"56792080_1",56792080,1,"Amphisbaena littoralis","DD","E:\Priority program\Re-PriorityProgram20220903\ReAOH\REPTILES\56792080_1.tif"
"203812_1",203812,1,"Cynisca leucura","LC","E:\Priority program\Re-PriorityProgram20220903\ReAOH\REPTILES\203812_1.tif"
"199578_1",199578,1,"Brachyophis revoili","DD","E:\Priority program\Re-PriorityProgram20220903\ReAOH\REPTILES\199578_1.tif"
"172854_1",172854,1,"Langaha alluaudi","LC","E:\Priority program\Re-PriorityProgram20220903\ReAOH\REPTILES\172854_1.tif"
"172713_1",172713,1,"Hemidactylus reticulatus","LC","E:\Priority program\Re-PriorityProgram20220903\ReAOH\REPTILES\172713_1.tif"
"104667622_1",104667622,1,"Diploderma hamptoni","DD","E:\Priority program\Re-PriorityProgram20220903\ReAOH\REPTILES\104667622_1.tif"
"176831_1",176831,1,"Liophidium mayottensis","EN","E:\Priority program\Re-PriorityProgram20220903\ReAOH\REPTILES\176831_1.tif"
"164685_1",164685,1,"Platyceps ventromaculatus","LC","E:\Priority program\Re-PriorityProgram20220903\ReAOH\REPTILES\164685_1.tif"
"44579814_1",44579814,1,"Tupinambis palustris","DD","E:\Priority program\Re-PriorityProgram20220903\ReAOH\REPTILES\44579814_1.tif"
"172024_1",172024,1,"Phrynops williamsi","VU","E:\Priority program\Re-PriorityProgram20220903\ReAOH\REPTILES\172024_1.tif"
"42484929_1",42484929,1,"Lipinia surda","DD","E:\Priority program\Re-PriorityProgram20220903\ReAOH\REPTILES\42484929_1.tif"
"44581060_1",44581060,1,"Atractus franciscopaivai","DD","E:\Priority program\Re-PriorityProgram20220903\ReAOH\REPTILES\44581060_1.tif"
"15179489_1",15179489,1,"Oxyrhopus guibei","LC","E:\Priority program\Re-PriorityProgram20220903\ReAOH\REPTILES\15179489_1.tif"
"13289256_1",13289256,1,"Mehelya laurenti","LC","E:\Priority program\Re-PriorityProgram20220903\ReAOH\REPTILES\13289256_1.tif"
"172686_1",172686,1,"Kaestlea beddomii","LC","E:\Priority program\Re-PriorityProgram20220903\ReAOH\REPTILES\172686_1.tif"
"197438_1",197438,1,"Anolis laeviventris","LC","E:\Priority program\Re-PriorityProgram20220903\ReAOH\REPTILES\197438_1.tif"
"63841_1",63841,1,"Leptophis modestus","VU","E:\Priority program\Re-PriorityProgram20220903\ReAOH\REPTILES\63841_1.tif"
"203549_1",203549,1,"Ninia celata","NT","E:\Priority program\Re-PriorityProgram20220903\ReAOH\REPTILES\203549_1.tif"
"63745_1",63745,1,"Chionactis occipitalis","LC","E:\Priority program\Re-PriorityProgram20220903\ReAOH\REPTILES\63745_1.tif"
"83487882_1",83487882,1,"Ctenophorus rubens","LC","E:\Priority program\Re-PriorityProgram20220903\ReAOH\REPTILES\83487882_1.tif"
"15179524_1",15179524,1,"Oxyrhopus vanidicus","LC","E:\Priority program\Re-PriorityProgram20220903\ReAOH\REPTILES\15179524_1.tif"
"203011_1",203011,1,"Amphisbaena spurrelli","DD","E:\Priority program\Re-PriorityProgram20220903\ReAOH\REPTILES\203011_1.tif"
"39904_1",39904,1,"Corallus cropanii","EN","E:\Priority program\Re-PriorityProgram20220903\ReAOH\REPTILES\39904_1.tif"
"61533_1",61533,1,"Macroprotodon cucullatus","LC","E:\Priority program\Re-PriorityProgram20220903\ReAOH\REPTILES\61533_1.tif"
"97246272_1",97246272,1,"Gopherus agassizii","CR","E:\Priority program\Re-PriorityProgram20220903\ReAOH\REPTILES\97246272_1.tif"
"47102942_1",47102942,1,"Maracaiba meridensis","LC","E:\Priority program\Re-PriorityProgram20220903\ReAOH\REPTILES\47102942_1.tif"
"63899_1",63899,1,"Rhadinaea macdougalli","DD","E:\Priority program\Re-PriorityProgram20220903\ReAOH\REPTILES\63899_1.tif"
"164699_1",164699,1,"Pseudoceramodactylus khobarensis","LC","E:\Priority program\Re-PriorityProgram20220903\ReAOH\REPTILES\164699_1.tif"
"203338_1",203338,1,"Adelphicos veraepacis","VU","E:\Priority program\Re-PriorityProgram20220903\ReAOH\REPTILES\203338_1.tif"
"102346291_1",102346291,1,"Larutia puehensis","DD","E:\Priority program\Re-PriorityProgram20220903\ReAOH\REPTILES\102346291_1.tif"
"60754279_1",60754279,1,"Adolfus masavaensis","NT","E:\Priority program\Re-PriorityProgram20220903\ReAOH\REPTILES\60754279_1.tif"
"109475231_1",109475231,1,"Lerista bougainvillii","LC","E:\Priority program\Re-PriorityProgram20220903\ReAOH\REPTILES\109475231_1.tif"
"64208_1",64208,1,"Anolis omiltemanus","LC","E:\Priority program\Re-PriorityProgram20220903\ReAOH\REPTILES\64208_1.tif"
"48443458_1",48443458,1,"Phyllodactylus barringtonensis","LC","E:\Priority program\Re-PriorityProgram20220903\ReAOH\REPTILES\48443458_1.tif"
"42485559_1",42485559,1,"Sphenomorphus muelleri","LC","E:\Priority program\Re-PriorityProgram20220903\ReAOH\REPTILES\42485559_1.tif"
"104699423_1",104699423,1,"Cyrtodactylus surin","LC","E:\Priority program\Re-PriorityProgram20220903\ReAOH\REPTILES\104699423_1.tif"
"177832_1",177832,1,"Sphaerodactylus savagei","NT","E:\Priority program\Re-PriorityProgram20220903\ReAOH\REPTILES\177832_1.tif"
"44578212_1",44578212,1,"Anadia pamplonensis","EN","E:\Priority program\Re-PriorityProgram20220903\ReAOH\REPTILES\44578212_1.tif"
"176363_1",176363,1,"Rhabdophis ceylonensis","EN","E:\Priority program\Re-PriorityProgram20220903\ReAOH\REPTILES\176363_1.tif"
"48328975_1",48328975,1,"Dendrophidion prolixum","LC","E:\Priority program\Re-PriorityProgram20220903\ReAOH\REPTILES\48328975_1.tif"
"48618008_1",48618008,1,"Bothrops barnetti","DD","E:\Priority program\Re-PriorityProgram20220903\ReAOH\REPTILES\48618008_1.tif"
"44580298_1",44580298,1,"Atractus charitoae","DD","E:\Priority program\Re-PriorityProgram20220903\ReAOH\REPTILES\44580298_1.tif"
"172838_1",172838,1,"Lygodactylus decaryi","DD","E:\Priority program\Re-PriorityProgram20220903\ReAOH\REPTILES\172838_1.tif"
"14668000_1",14668000,1,"Lygosoma isodactylum","DD","E:\Priority program\Re-PriorityProgram20220903\ReAOH\REPTILES\14668000_1.tif"
"44578343_1",44578343,1,"Arthrosaura testigensis","LC","E:\Priority program\Re-PriorityProgram20220903\ReAOH\REPTILES\44578343_1.tif"
"178238_1",178238,1,"Riama luctuosa","LC","E:\Priority program\Re-PriorityProgram20220903\ReAOH\REPTILES\178238_1.tif"
"18032658_1",18032658,1,"Platyceps afarensis","DD","E:\Priority program\Re-PriorityProgram20220903\ReAOH\REPTILES\18032658_1.tif"
"192071_1",192071,1,"Xenochrophis maculatus","LC","E:\Priority program\Re-PriorityProgram20220903\ReAOH\REPTILES\192071_1.tif"
"172853_1",172853,1,"Lycodryas pseudogranuliceps","LC","E:\Priority program\Re-PriorityProgram20220903\ReAOH\REPTILES\172853_1.tif"
"110194686_1",110194686,1,"Afroedura waterbergensis","LC","E:\Priority program\Re-PriorityProgram20220903\ReAOH\REPTILES\110194686_1.tif"
"149322635_1",149322635,1,"Cnemaspis ajijae","LC","E:\Priority program\Re-PriorityProgram20220903\ReAOH\REPTILES\149322635_1.tif"
"172625_1",172625,1,"Draco dussumieri","LC","E:\Priority program\Re-PriorityProgram20220903\ReAOH\REPTILES\172625_1.tif"
"109477056_1",109477056,1,"Lerista petersoni","LC","E:\Priority program\Re-PriorityProgram20220903\ReAOH\REPTILES\109477056_1.tif"
"75084791_1",75084791,1,"Anolis poncensis","LC","E:\Priority program\Re-PriorityProgram20220903\ReAOH\REPTILES\75084791_1.tif"
"120685452_1",120685452,1,"Monopeltis welwitschii","DD","E:\Priority program\Re-PriorityProgram20220903\ReAOH\REPTILES\120685452_1.tif"
"48444381_1",48444381,1,"Microlophus theresioides","LC","E:\Priority program\Re-PriorityProgram20220903\ReAOH\REPTILES\48444381_1.tif"
"198516_1",198516,1,"Stenorrhina degenhardtii","LC","E:\Priority program\Re-PriorityProgram20220903\ReAOH\REPTILES\198516_1.tif"
"109477169_1",109477169,1,"Lerista praefrontalis","DD",NA
"13265531_1",13265531,1,"Rhamnophis aethiopissa","LC","E:\Priority program\Re-PriorityProgram20220903\ReAOH\REPTILES\13265531_1.tif"
"110159813_1",110159813,1,"Cordylus nyikae","LC","E:\Priority program\Re-PriorityProgram20220903\ReAOH\REPTILES\110159813_1.tif"
"114619123_1",114619123,1,"Gekko melli","LC","E:\Priority program\Re-PriorityProgram20220903\ReAOH\REPTILES\114619123_1.tif"
"176240_1",176240,1,"Leposternon polystegum","LC","E:\Priority program\Re-PriorityProgram20220903\ReAOH\REPTILES\176240_1.tif"
"47155248_1",47155248,1,"Lygisaurus zuma","LC","E:\Priority program\Re-PriorityProgram20220903\ReAOH\REPTILES\47155248_1.tif"
"102966634_1",102966634,1,"Carlia rhomboidalis","LC","E:\Priority program\Re-PriorityProgram20220903\ReAOH\REPTILES\102966634_1.tif"
"203095_1",203095,1,"Anolis humilis","LC","E:\Priority program\Re-PriorityProgram20220903\ReAOH\REPTILES\203095_1.tif"
"13301039_1",13301039,1,"Echis ocellatus","LC","E:\Priority program\Re-PriorityProgram20220903\ReAOH\REPTILES\13301039_1.tif"
"172999_1",172999,1,"Pseudoxyrhopus quinquelineatus","LC","E:\Priority program\Re-PriorityProgram20220903\ReAOH\REPTILES\172999_1.tif"
"10249_1",10249,1,"Woodworthia chrysosiretica","NT","E:\Priority program\Re-PriorityProgram20220903\ReAOH\REPTILES\10249_1.tif"
"199762_1",199762,1,"Phelsuma pasteuri","NT","E:\Priority program\Re-PriorityProgram20220903\ReAOH\REPTILES\199762_1.tif"
"42484368_1",42484368,1,"Emoia pseudopallidiceps","LC","E:\Priority program\Re-PriorityProgram20220903\ReAOH\REPTILES\42484368_1.tif"
"42493251_1",42493251,1,"Pseudechis pailsi","LC","E:\Priority program\Re-PriorityProgram20220903\ReAOH\REPTILES\42493251_1.tif"
"203801_1",203801,1,"Agama weidholzi","LC","E:\Priority program\Re-PriorityProgram20220903\ReAOH\REPTILES\203801_1.tif"
"102830450_1",102830450,1,"Delma butleri","LC","E:\Priority program\Re-PriorityProgram20220903\ReAOH\REPTILES\102830450_1.tif"
"199737_1",199737,1,"Pristurus samhaensis","LC","E:\Priority program\Re-PriorityProgram20220903\ReAOH\REPTILES\199737_1.tif"
"178407_1",178407,1,"Acritoscincus trilineatus","LC","E:\Priority program\Re-PriorityProgram20220903\ReAOH\REPTILES\178407_1.tif"
"124313221_1",124313221,1,"Lacertaspis rohdei","LC","E:\Priority program\Re-PriorityProgram20220903\ReAOH\REPTILES\124313221_1.tif"
"169899_1",169899,1,"Sphenomorphus acutus","LC","E:\Priority program\Re-PriorityProgram20220903\ReAOH\REPTILES\169899_1.tif"
"102873712_1",102873712,1,"Anilios nigrescens","LC","E:\Priority program\Re-PriorityProgram20220903\ReAOH\REPTILES\102873712_1.tif"
"104761335_1",104761335,1,"Isopachys borealis","LC","E:\Priority program\Re-PriorityProgram20220903\ReAOH\REPTILES\104761335_1.tif"
"64309_1",64309,1,"Crotalus angelensis","LC","E:\Priority program\Re-PriorityProgram20220903\ReAOH\REPTILES\64309_1.tif"
"176866_1",176866,1,"Natriciteres olivacea","LC","E:\Priority program\Re-PriorityProgram20220903\ReAOH\REPTILES\176866_1.tif"
"178596_1",178596,1,"Anolis lemniscatus","DD",NA
"50950758_1",50950758,1,"Stenocercus caducus","LC","E:\Priority program\Re-PriorityProgram20220903\ReAOH\REPTILES\50950758_1.tif"
"64304_1",64304,1,"Bothriechis rowleyi","VU","E:\Priority program\Re-PriorityProgram20220903\ReAOH\REPTILES\64304_1.tif"
"178362_1",178362,1,"Platyplectrurus trilineatus","DD","E:\Priority program\Re-PriorityProgram20220903\ReAOH\REPTILES\178362_1.tif"
"172578_1",172578,1,"Kinyongia adolfifriderici","LC","E:\Priority program\Re-PriorityProgram20220903\ReAOH\REPTILES\172578_1.tif"
"164677_1",164677,1,"Mesalina watsonana","LC","E:\Priority program\Re-PriorityProgram20220903\ReAOH\REPTILES\164677_1.tif"
"44577265_1",44577265,1,"Anolis apollinaris","LC","E:\Priority program\Re-PriorityProgram20220903\ReAOH\REPTILES\44577265_1.tif"
"56155898_1",56155898,1,"Liolaemus uptoni","LC","E:\Priority program\Re-PriorityProgram20220903\ReAOH\REPTILES\56155898_1.tif"
"178608_1",178608,1,"Anolis maculigula","NT","E:\Priority program\Re-PriorityProgram20220903\ReAOH\REPTILES\178608_1.tif"
"174483_1",174483,1,"Sauromalus klauberi","VU","E:\Priority program\Re-PriorityProgram20220903\ReAOH\REPTILES\174483_1.tif"
"134629458_1",134629458,1,"Cyrtodactylus tanahjampea","EN","E:\Priority program\Re-PriorityProgram20220903\ReAOH\REPTILES\134629458_1.tif"
"197191_1",197191,1,"Fowlea asperrimus","LC","E:\Priority program\Re-PriorityProgram20220903\ReAOH\REPTILES\197191_1.tif"
"22476160_1",22476160,1,"Afrotyphlops bibronii","LC","E:\Priority program\Re-PriorityProgram20220903\ReAOH\REPTILES\22476160_1.tif"
"178568_1",178568,1,"Sphenomorphus nigrolineatus","LC","E:\Priority program\Re-PriorityProgram20220903\ReAOH\REPTILES\178568_1.tif"
"170411_1",170411,1,"Phrynocephalus axillaris","LC","E:\Priority program\Re-PriorityProgram20220903\ReAOH\REPTILES\170411_1.tif"
"104764513_1",104764513,1,"Plestiodon tamdaoensis","LC","E:\Priority program\Re-PriorityProgram20220903\ReAOH\REPTILES\104764513_1.tif"
"44581876_1",44581876,1,"Thamnodynastes gambotensis","LC","E:\Priority program\Re-PriorityProgram20220903\ReAOH\REPTILES\44581876_1.tif"
"50952274_1",50952274,1,"Bothrops sanctaecrucis","LC","E:\Priority program\Re-PriorityProgram20220903\ReAOH\REPTILES\50952274_1.tif"
"67610606_1",67610606,1,"Atractus micheleae","LC","E:\Priority program\Re-PriorityProgram20220903\ReAOH\REPTILES\67610606_1.tif"
"169832_1",169832,1,"Parvoscincus sisoni","VU","E:\Priority program\Re-PriorityProgram20220903\ReAOH\REPTILES\169832_1.tif"
"54507377_1",54507377,1,"Cyrtodactylus nepalensis","DD",NA
"203805_1",203805,1,"Trapelus schmitzi","DD",NA
"56251048_1",56251048,1,"Phymaturus roigorum","LC","E:\Priority program\Re-PriorityProgram20220903\ReAOH\REPTILES\56251048_1.tif"
"199750_1",199750,1,"Hemerophis socotrae","NT","E:\Priority program\Re-PriorityProgram20220903\ReAOH\REPTILES\199750_1.tif"
"178331_1",178331,1,"Subdoluseps frontoparietalis","DD","E:\Priority program\Re-PriorityProgram20220903\ReAOH\REPTILES\178331_1.tif"
"63815_1",63815,1,"Geophis sieboldi","DD",NA
"170399_1",170399,1,"Gonocephalus lacunosus","LC","E:\Priority program\Re-PriorityProgram20220903\ReAOH\REPTILES\170399_1.tif"
"172545_1",172545,1,"Kinyongia matschiei","EN","E:\Priority program\Re-PriorityProgram20220903\ReAOH\REPTILES\172545_1.tif"
"176316_1",176316,1,"Trioceros incornutus","LC","E:\Priority program\Re-PriorityProgram20220903\ReAOH\REPTILES\176316_1.tif"
"172785_1",172785,1,"Phelsuma malamakibo","NT","E:\Priority program\Re-PriorityProgram20220903\ReAOH\REPTILES\172785_1.tif"
"178368_1",178368,1,"Homonota fasciata","LC","E:\Priority program\Re-PriorityProgram20220903\ReAOH\REPTILES\178368_1.tif"
"44579859_1",44579859,1,"Plica umbra","LC","E:\Priority program\Re-PriorityProgram20220903\ReAOH\REPTILES\44579859_1.tif"
"164597_1",164597,1,"Paralaudakia microlepis","LC","E:\Priority program\Re-PriorityProgram20220903\ReAOH\REPTILES\164597_1.tif"
"109473083_1",109473083,1,"Lampropholis couperi","LC","E:\Priority program\Re-PriorityProgram20220903\ReAOH\REPTILES\109473083_1.tif"
"178618_1",178618,1,"Cnemaspis limi","LC","E:\Priority program\Re-PriorityProgram20220903\ReAOH\REPTILES\178618_1.tif"
"203153_1",203153,1,"Pristidactylus fasciatus","DD","E:\Priority program\Re-PriorityProgram20220903\ReAOH\REPTILES\203153_1.tif"
"104692134_1",104692134,1,"Cyrtodactylus interdigitalis","LC","E:\Priority program\Re-PriorityProgram20220903\ReAOH\REPTILES\104692134_1.tif"
"102873617_1",102873617,1,"Anilios micrommus","DD","E:\Priority program\Re-PriorityProgram20220903\ReAOH\REPTILES\102873617_1.tif"
"61458_1",61458,1,"Acanthodactylus maculatus","LC","E:\Priority program\Re-PriorityProgram20220903\ReAOH\REPTILES\61458_1.tif"
"170522_1",170522,1,"Homopus femoralis","LC","E:\Priority program\Re-PriorityProgram20220903\ReAOH\REPTILES\170522_1.tif"
"42485185_1",42485185,1,"Sphenomorphus aruensis","LC","E:\Priority program\Re-PriorityProgram20220903\ReAOH\REPTILES\42485185_1.tif"
"170507_1",170507,1,"Cyclemys gemeli","NT","E:\Priority program\Re-PriorityProgram20220903\ReAOH\REPTILES\170507_1.tif"
"17450505_1",17450505,1,"Agama kaimosae","LC","E:\Priority program\Re-PriorityProgram20220903\ReAOH\REPTILES\17450505_1.tif"
"102718242_1",102718242,1,"Parasuta gouldii","LC","E:\Priority program\Re-PriorityProgram20220903\ReAOH\REPTILES\102718242_1.tif"
"157281_1",157281,1,"Mediodactylus kotschyi","LC","E:\Priority program\Re-PriorityProgram20220903\ReAOH\REPTILES\157281_1.tif"
"42492396_1",42492396,1,"Dendrelaphis schokari","VU","E:\Priority program\Re-PriorityProgram20220903\ReAOH\REPTILES\42492396_1.tif"
"15183770_1",15183770,1,"Spilotes sulphureus","LC","E:\Priority program\Re-PriorityProgram20220903\ReAOH\REPTILES\15183770_1.tif"
"172616_1",172616,1,"Cnemaspis heteropholis","NT","E:\Priority program\Re-PriorityProgram20220903\ReAOH\REPTILES\172616_1.tif"
"64041_1",64041,1,"Phyllodactylus bugastrolepis","LC","E:\Priority program\Re-PriorityProgram20220903\ReAOH\REPTILES\64041_1.tif"
"172523_1",172523,1,"Rhampholeon boulengeri","LC","E:\Priority program\Re-PriorityProgram20220903\ReAOH\REPTILES\172523_1.tif"
"29438_1",29438,1,"Liolaemus melanogaster","LC","E:\Priority program\Re-PriorityProgram20220903\ReAOH\REPTILES\29438_1.tif"
"110215258_1",110215258,1,"Pachydactylus waterbergensis","LC","E:\Priority program\Re-PriorityProgram20220903\ReAOH\REPTILES\110215258_1.tif"
"178521_1",178521,1,"Lepidoblepharis sanctaemartae","LC","E:\Priority program\Re-PriorityProgram20220903\ReAOH\REPTILES\178521_1.tif"
"203885_1",203885,1,"Anolis leachii","LC","E:\Priority program\Re-PriorityProgram20220903\ReAOH\REPTILES\203885_1.tif"
"7040_1",7040,1,"Liopholis kintorei","VU","E:\Priority program\Re-PriorityProgram20220903\ReAOH\REPTILES\7040_1.tif"
"50010572_1",50010572,1,"Ameivula mumbuca","LC","E:\Priority program\Re-PriorityProgram20220903\ReAOH\REPTILES\50010572_1.tif"
"104686655_1",104686655,1,"Cyrtodactylus cattienensis","LC","E:\Priority program\Re-PriorityProgram20220903\ReAOH\REPTILES\104686655_1.tif"
"44577743_1",44577743,1,"Anolis santamartae","DD",NA
"172712_1",172712,1,"Hypnale hypnale","LC","E:\Priority program\Re-PriorityProgram20220903\ReAOH\REPTILES\172712_1.tif"
"110133276_1",110133276,1,"Xenocalamus mechowii","LC","E:\Priority program\Re-PriorityProgram20220903\ReAOH\REPTILES\110133276_1.tif"
"203029_1",203029,1,"Celestus darlingtoni","EN","E:\Priority program\Re-PriorityProgram20220903\ReAOH\REPTILES\203029_1.tif"
"96251775_1",96251775,1,"Gekko vertebralis","LC","E:\Priority program\Re-PriorityProgram20220903\ReAOH\REPTILES\96251775_1.tif"
"99927868_1",99927868,1,"Acanthosaura bintangensis","DD","E:\Priority program\Re-PriorityProgram20220903\ReAOH\REPTILES\99927868_1.tif"
"169830_1",169830,1,"Ramphotyphlops marxi","DD",NA
"178548_1",178548,1,"Toenayar novemcarinata","LC","E:\Priority program\Re-PriorityProgram20220903\ReAOH\REPTILES\178548_1.tif"
"177432_1",177432,1,"Oxyrhopus melanogenys","LC","E:\Priority program\Re-PriorityProgram20220903\ReAOH\REPTILES\177432_1.tif"
"149322834_1",149322834,1,"Cnemaspis amboliensis","DD","E:\Priority program\Re-PriorityProgram20220903\ReAOH\REPTILES\149322834_1.tif"
"75159572_1",75159572,1,"Amphisbaena brevis","DD","E:\Priority program\Re-PriorityProgram20220903\ReAOH\REPTILES\75159572_1.tif"
"74994374_1",74994374,1,"Anolis agueroi","EN","E:\Priority program\Re-PriorityProgram20220903\ReAOH\REPTILES\74994374_1.tif"
"172919_1",172919,1,"Pseudoxyrhopus analabe","NT","E:\Priority program\Re-PriorityProgram20220903\ReAOH\REPTILES\172919_1.tif"
"203534_1",203534,1,"Geophis tectus","LC","E:\Priority program\Re-PriorityProgram20220903\ReAOH\REPTILES\203534_1.tif"
"63488607_1",63488607,1,"Lygodactylus wetzeli","LC","E:\Priority program\Re-PriorityProgram20220903\ReAOH\REPTILES\63488607_1.tif"
"109464831_1",109464831,1,"Ctenotus xenopleura","LC","E:\Priority program\Re-PriorityProgram20220903\ReAOH\REPTILES\109464831_1.tif"
"74855063_1",74855063,1,"Amphisbaena caeca","LC","E:\Priority program\Re-PriorityProgram20220903\ReAOH\REPTILES\74855063_1.tif"
"44977744_1",44977744,1,"Acontias lineicauda","LC","E:\Priority program\Re-PriorityProgram20220903\ReAOH\REPTILES\44977744_1.tif"
"192050_1",192050,1,"Opisthotropis guangxiensis","NT","E:\Priority program\Re-PriorityProgram20220903\ReAOH\REPTILES\192050_1.tif"
"21265872_1",21265872,1,"Latastia doriai","LC","E:\Priority program\Re-PriorityProgram20220903\ReAOH\REPTILES\21265872_1.tif"
"191956_1",191956,1,"Calliophis bivirgata","LC","E:\Priority program\Re-PriorityProgram20220903\ReAOH\REPTILES\191956_1.tif"
"169901_1",169901,1,"Calamaria joloensis","DD",NA
"42493239_1",42493239,1,"Pseudechis guttatus","LC","E:\Priority program\Re-PriorityProgram20220903\ReAOH\REPTILES\42493239_1.tif"
"42681112_1",42681112,1,"Bradypodion melanocephalum","NT","E:\Priority program\Re-PriorityProgram20220903\ReAOH\REPTILES\42681112_1.tif"
"172806_1",172806,1,"Paroedura karstophila","LC","E:\Priority program\Re-PriorityProgram20220903\ReAOH\REPTILES\172806_1.tif"
"196584_1",196584,1,"Lepidodactylus shebae","DD",NA
"66083676_1",66083676,1,"Gonatodes ocellatus","LC","E:\Priority program\Re-PriorityProgram20220903\ReAOH\REPTILES\66083676_1.tif"
"196973_1",196973,1,"Zygaspis violacea","LC","E:\Priority program\Re-PriorityProgram20220903\ReAOH\REPTILES\196973_1.tif"
"109475277_1",109475277,1,"Lerista bunglebungle","DD",NA
"44578545_1",44578545,1,"Cercosaura parkeri","LC","E:\Priority program\Re-PriorityProgram20220903\ReAOH\REPTILES\44578545_1.tif"
"22471379_1",22471379,1,"Trachylepis ferrarai","DD",NA
"101754514_1",101754514,1,"Cyrtodactylus metropolis","LC","E:\Priority program\Re-PriorityProgram20220903\ReAOH\REPTILES\101754514_1.tif"
"178329_1",178329,1,"Anolis allogus","LC","E:\Priority program\Re-PriorityProgram20220903\ReAOH\REPTILES\178329_1.tif"
"203014_1",203014,1,"Abronia campbelli","CR","E:\Priority program\Re-PriorityProgram20220903\ReAOH\REPTILES\203014_1.tif"
"172811_1",172811,1,"Paracontias tsararano","DD","E:\Priority program\Re-PriorityProgram20220903\ReAOH\REPTILES\172811_1.tif"
"42494505_1",42494505,1,"Anilios leucoproctus","LC",NA
"109464614_1",109464614,1,"Ctenotus serventyi","LC","E:\Priority program\Re-PriorityProgram20220903\ReAOH\REPTILES\109464614_1.tif"
"66080021_1",66080021,1,"Amphisbaena myersi","DD","E:\Priority program\Re-PriorityProgram20220903\ReAOH\REPTILES\66080021_1.tif"
"15203880_1",15203880,1,"Bothrops ammodytoides","LC","E:\Priority program\Re-PriorityProgram20220903\ReAOH\REPTILES\15203880_1.tif"
"102680762_1",102680762,1,"Oedura coggeri","LC","E:\Priority program\Re-PriorityProgram20220903\ReAOH\REPTILES\102680762_1.tif"
"48616920_1",48616920,1,"Stenocercus huancabambae","LC","E:\Priority program\Re-PriorityProgram20220903\ReAOH\REPTILES\48616920_1.tif"
"199770_1",199770,1,"Amphiglossus meva","DD","E:\Priority program\Re-PriorityProgram20220903\ReAOH\REPTILES\199770_1.tif"
"178355_1",178355,1,"Cercosaura argulus","LC","E:\Priority program\Re-PriorityProgram20220903\ReAOH\REPTILES\178355_1.tif"
"177463_1",177463,1,"Lycodryas granuliceps","LC","E:\Priority program\Re-PriorityProgram20220903\ReAOH\REPTILES\177463_1.tif"
"22888_1",22888,1,"Varanus olivaceus","VU","E:\Priority program\Re-PriorityProgram20220903\ReAOH\REPTILES\22888_1.tif"
"203169_1",203169,1,"Aristelliger hechti","VU","E:\Priority program\Re-PriorityProgram20220903\ReAOH\REPTILES\203169_1.tif"
"63706_1",63706,1,"Elgaria velazquezi","LC","E:\Priority program\Re-PriorityProgram20220903\ReAOH\REPTILES\63706_1.tif"
"197482_1",197482,1,"Echis coloratus","LC","E:\Priority program\Re-PriorityProgram20220903\ReAOH\REPTILES\197482_1.tif"
"178699_1",178699,1,"Ramphotyphlops conradi","DD",NA
"178252_1",178252,1,"Dasia olivacea","LC","E:\Priority program\Re-PriorityProgram20220903\ReAOH\REPTILES\178252_1.tif"
"197449_1",197449,1,"Anolis biporcatus","LC","E:\Priority program\Re-PriorityProgram20220903\ReAOH\REPTILES\197449_1.tif"
"176236_1",176236,1,"Cynisca bifrontalis","LC","E:\Priority program\Re-PriorityProgram20220903\ReAOH\REPTILES\176236_1.tif"
"109471749_1",109471749,1,"Eulamprus quoyii","LC","E:\Priority program\Re-PriorityProgram20220903\ReAOH\REPTILES\109471749_1.tif"
"111223706_1",111223706,1,"Gehyra einasleighensis","LC","E:\Priority program\Re-PriorityProgram20220903\ReAOH\REPTILES\111223706_1.tif"
"64341_1",64341,1,"Ophryacus undulatus","VU","E:\Priority program\Re-PriorityProgram20220903\ReAOH\REPTILES\64341_1.tif"
"22528705_1",22528705,1,"Diporiphora magna","LC","E:\Priority program\Re-PriorityProgram20220903\ReAOH\REPTILES\22528705_1.tif"
"64061_1",64061,1,"Callisaurus draconoides","LC","E:\Priority program\Re-PriorityProgram20220903\ReAOH\REPTILES\64061_1.tif"
"56798850_1",56798850,1,"Saltuarius wyberba","LC","E:\Priority program\Re-PriorityProgram20220903\ReAOH\REPTILES\56798850_1.tif"
"203851_1",203851,1,"Lygodactylus thomensis","LC","E:\Priority program\Re-PriorityProgram20220903\ReAOH\REPTILES\203851_1.tif"
"21584341_1",21584341,1,"Myriopholis erythraeus","LC","E:\Priority program\Re-PriorityProgram20220903\ReAOH\REPTILES\21584341_1.tif"
"178239_1",178239,1,"Menetia concinna","LC","E:\Priority program\Re-PriorityProgram20220903\ReAOH\REPTILES\178239_1.tif"
"164760_1",164760,1,"Walterinnesia morgani","LC","E:\Priority program\Re-PriorityProgram20220903\ReAOH\REPTILES\164760_1.tif"
"44578294_1",44578294,1,"Arthrosaura guianensis","LC","E:\Priority program\Re-PriorityProgram20220903\ReAOH\REPTILES\44578294_1.tif"
"101752419_1",101752419,1,"Cyrtodactylus langkawiensis","LC","E:\Priority program\Re-PriorityProgram20220903\ReAOH\REPTILES\101752419_1.tif"
"192138_1",192138,1,"Euprepiophis mandarinus","LC","E:\Priority program\Re-PriorityProgram20220903\ReAOH\REPTILES\192138_1.tif"
"15181469_1",15181469,1,"Phalotris mertensi","LC","E:\Priority program\Re-PriorityProgram20220903\ReAOH\REPTILES\15181469_1.tif"
"172978_1",172978,1,"Paroedura picta","LC","E:\Priority program\Re-PriorityProgram20220903\ReAOH\REPTILES\172978_1.tif"
"75607267_1",75607267,1,"Antillotyphlops dominicanus","LC","E:\Priority program\Re-PriorityProgram20220903\ReAOH\REPTILES\75607267_1.tif"
"50956334_1",50956334,1,"Amphisbaena cegei","LC","E:\Priority program\Re-PriorityProgram20220903\ReAOH\REPTILES\50956334_1.tif"
"39902_1",39902,1,"Bothrops pirajai","EN","E:\Priority program\Re-PriorityProgram20220903\ReAOH\REPTILES\39902_1.tif"
"21266837_1",21266837,1,"Pseuderemias septemstriata","LC","E:\Priority program\Re-PriorityProgram20220903\ReAOH\REPTILES\21266837_1.tif"
"13264896_1",13264896,1,"Bamanophis dorri","LC","E:\Priority program\Re-PriorityProgram20220903\ReAOH\REPTILES\13264896_1.tif"
"74995547_1",74995547,1,"Anolis isolepis","LC","E:\Priority program\Re-PriorityProgram20220903\ReAOH\REPTILES\74995547_1.tif"
"61516_1",61516,1,"Iberolacerta martinezricai","CR","E:\Priority program\Re-PriorityProgram20220903\ReAOH\REPTILES\61516_1.tif"
"42482646_1",42482646,1,"Cyrtodactylus boreoclivus","LC","E:\Priority program\Re-PriorityProgram20220903\ReAOH\REPTILES\42482646_1.tif"
"109471556_1",109471556,1,"Eremiascincus richardsonii","LC","E:\Priority program\Re-PriorityProgram20220903\ReAOH\REPTILES\109471556_1.tif"
"75600764_1",75600764,1,"Mitophis asbolepis","CR","E:\Priority program\Re-PriorityProgram20220903\ReAOH\REPTILES\75600764_1.tif"
"67630989_1",67630989,1,"Erythrolamprus zweifeli","LC","E:\Priority program\Re-PriorityProgram20220903\ReAOH\REPTILES\67630989_1.tif"
"164625_1",164625,1,"Cyrtopodion brevipes","LC","E:\Priority program\Re-PriorityProgram20220903\ReAOH\REPTILES\164625_1.tif"
"172983_1",172983,1,"Dromicodryas bernieri","LC","E:\Priority program\Re-PriorityProgram20220903\ReAOH\REPTILES\172983_1.tif"
"170501_1",170501,1,"Batagur affinis","CR","E:\Priority program\Re-PriorityProgram20220903\ReAOH\REPTILES\170501_1.tif"
"50009912_1",50009912,1,"Ameiva parecis","VU","E:\Priority program\Re-PriorityProgram20220903\ReAOH\REPTILES\50009912_1.tif"
"176206_1",176206,1,"Ramphotyphlops willeyi","DD",NA
"164627_1",164627,1,"Acanthodactylus tristrami","LC","E:\Priority program\Re-PriorityProgram20220903\ReAOH\REPTILES\164627_1.tif"
"74994500_1",74994500,1,"Anolis argillaceus","LC","E:\Priority program\Re-PriorityProgram20220903\ReAOH\REPTILES\74994500_1.tif"
"160846300_1",160846300,1,"Nucras broadleyi","LC","E:\Priority program\Re-PriorityProgram20220903\ReAOH\REPTILES\160846300_1.tif"
"42483425_1",42483425,1,"Carlia storri","LC","E:\Priority program\Re-PriorityProgram20220903\ReAOH\REPTILES\42483425_1.tif"
"178183_1",178183,1,"Panaspis annobonensis","DD",NA
"203585_1",203585,1,"Rhadinaea sargenti","LC","E:\Priority program\Re-PriorityProgram20220903\ReAOH\REPTILES\203585_1.tif"
"203637_1",203637,1,"Tetracheilostoma carlae","CR","E:\Priority program\Re-PriorityProgram20220903\ReAOH\REPTILES\203637_1.tif"
"13290868_1",13290868,1,"Lycophidion meleagre","LC","E:\Priority program\Re-PriorityProgram20220903\ReAOH\REPTILES\13290868_1.tif"
"164634_1",164634,1,"Heremites septemtaeniatus","LC","E:\Priority program\Re-PriorityProgram20220903\ReAOH\REPTILES\164634_1.tif"
"16391158_1",16391158,1,"Marisora brachypoda","LC","E:\Priority program\Re-PriorityProgram20220903\ReAOH\REPTILES\16391158_1.tif"
"19797_1",19797,1,"Sacalia quadriocellata","CR","E:\Priority program\Re-PriorityProgram20220903\ReAOH\REPTILES\19797_1.tif"
"102349485_1",102349485,1,"Tytthoscincus bukitensis","NT","E:\Priority program\Re-PriorityProgram20220903\ReAOH\REPTILES\102349485_1.tif"
"203088_1",203088,1,"Anolis datzorum","EN","E:\Priority program\Re-PriorityProgram20220903\ReAOH\REPTILES\203088_1.tif"
"203053_1",203053,1,"Echinosaura brachycephala","EN","E:\Priority program\Re-PriorityProgram20220903\ReAOH\REPTILES\203053_1.tif"
"169900_1",169900,1,"Gekko porosus","LC","E:\Priority program\Re-PriorityProgram20220903\ReAOH\REPTILES\169900_1.tif"
"75102611_1",75102611,1,"Anolis pseudotigrinus","EN","E:\Priority program\Re-PriorityProgram20220903\ReAOH\REPTILES\75102611_1.tif"
"172749_1",172749,1,"Furcifer verrucosus","LC","E:\Priority program\Re-PriorityProgram20220903\ReAOH\REPTILES\172749_1.tif"
"64213_1",64213,1,"Anolis schiedii","DD","E:\Priority program\Re-PriorityProgram20220903\ReAOH\REPTILES\64213_1.tif"
"83491786_1",83491786,1,"Diporiphora vescus","VU","E:\Priority program\Re-PriorityProgram20220903\ReAOH\REPTILES\83491786_1.tif"
"15179262_1",15179262,1,"Erythrolamprus mossoroensis","LC","E:\Priority program\Re-PriorityProgram20220903\ReAOH\REPTILES\15179262_1.tif"
"192223_1",192223,1,"Trimeresurus wiroti","LC","E:\Priority program\Re-PriorityProgram20220903\ReAOH\REPTILES\192223_1.tif"
"109462460_1",109462460,1,"Cryptoblepharus juno","LC","E:\Priority program\Re-PriorityProgram20220903\ReAOH\REPTILES\109462460_1.tif"
"176858_1",176858,1,"Macrocalamus chanardi","LC","E:\Priority program\Re-PriorityProgram20220903\ReAOH\REPTILES\176858_1.tif"
"197218_1",197218,1,"Cyrtodactylus subsolanus","EN","E:\Priority program\Re-PriorityProgram20220903\ReAOH\REPTILES\197218_1.tif"
"64373_1",64373,1,"Xenosaurus platyceps","EN","E:\Priority program\Re-PriorityProgram20220903\ReAOH\REPTILES\64373_1.tif"
"63762_1",63762,1,"Conopsis biserialis","LC","E:\Priority program\Re-PriorityProgram20220903\ReAOH\REPTILES\63762_1.tif"
"13265755_1",13265755,1,"Toxicodryas pulverulenta","LC","E:\Priority program\Re-PriorityProgram20220903\ReAOH\REPTILES\13265755_1.tif"
"203070_1",203070,1,"Morunasaurus groi","EN","E:\Priority program\Re-PriorityProgram20220903\ReAOH\REPTILES\203070_1.tif"
"196621_1",196621,1,"Emoia slevini","CR","E:\Priority program\Re-PriorityProgram20220903\ReAOH\REPTILES\196621_1.tif"
"13265717_1",13265717,1,"Thrasops occidentalis","LC","E:\Priority program\Re-PriorityProgram20220903\ReAOH\REPTILES\13265717_1.tif"
"199611_1",199611,1,"Mesalina adramitana","LC","E:\Priority program\Re-PriorityProgram20220903\ReAOH\REPTILES\199611_1.tif"
"190628_1",190628,1,"Gonyosoma boulengeri","LC","E:\Priority program\Re-PriorityProgram20220903\ReAOH\REPTILES\190628_1.tif"
"99931306_1",99931306,1,"Leiolepis guttata","DD",NA
"172992_1",172992,1,"Trachylepis dumasi","VU","E:\Priority program\Re-PriorityProgram20220903\ReAOH\REPTILES\172992_1.tif"
"102342526_1",102342526,1,"Takydromus sylvaticus","LC","E:\Priority program\Re-PriorityProgram20220903\ReAOH\REPTILES\102342526_1.tif"
"64355_1",64355,1,"Lepidophyma occulor","LC","E:\Priority program\Re-PriorityProgram20220903\ReAOH\REPTILES\64355_1.tif"
"192116_1",192116,1,"Rhabdophis subminiatus","LC","E:\Priority program\Re-PriorityProgram20220903\ReAOH\REPTILES\192116_1.tif"
"5336_1",5336,1,"Smaug giganteus","VU","E:\Priority program\Re-PriorityProgram20220903\ReAOH\REPTILES\5336_1.tif"
"61468_1",61468,1,"Archaeolacerta bedriagae","NT","E:\Priority program\Re-PriorityProgram20220903\ReAOH\REPTILES\61468_1.tif"
"56039231_1",56039231,1,"Amphisbaena prunicolor","LC","E:\Priority program\Re-PriorityProgram20220903\ReAOH\REPTILES\56039231_1.tif"
"104671586_1",104671586,1,"Diploderma vela","LC","E:\Priority program\Re-PriorityProgram20220903\ReAOH\REPTILES\104671586_1.tif"
"67610469_1",67610469,1,"Atractus lancinii","LC","E:\Priority program\Re-PriorityProgram20220903\ReAOH\REPTILES\67610469_1.tif"
"22528626_1",22528626,1,"Diporiphora australis","LC","E:\Priority program\Re-PriorityProgram20220903\ReAOH\REPTILES\22528626_1.tif"
"61569_1",61569,1,"Saurodactylus mauritanicus","LC","E:\Priority program\Re-PriorityProgram20220903\ReAOH\REPTILES\61569_1.tif"
"90069282_1",90069282,1,"Lampropeltis gentilis","LC","E:\Priority program\Re-PriorityProgram20220903\ReAOH\REPTILES\90069282_1.tif"
"102342190_1",102342190,1,"Takydromus formosanus","LC","E:\Priority program\Re-PriorityProgram20220903\ReAOH\REPTILES\102342190_1.tif"
"202419_1",202419,1,"Rhadinella pegosalyta","VU","E:\Priority program\Re-PriorityProgram20220903\ReAOH\REPTILES\202419_1.tif"
"178469_1",178469,1,"Emoia boettgeri","EN","E:\Priority program\Re-PriorityProgram20220903\ReAOH\REPTILES\178469_1.tif"
"116821188_1",116821188,1,"Dendrelaphis keiensis","LC","E:\Priority program\Re-PriorityProgram20220903\ReAOH\REPTILES\116821188_1.tif"
"48283636_1",48283636,1,"Proctoporus guentheri","LC","E:\Priority program\Re-PriorityProgram20220903\ReAOH\REPTILES\48283636_1.tif"
"56091397_1",56091397,1,"Liolaemus pseudoanomalus","LC","E:\Priority program\Re-PriorityProgram20220903\ReAOH\REPTILES\56091397_1.tif"
"194118_1",194118,1,"Lygosoma albopunctata","LC","E:\Priority program\Re-PriorityProgram20220903\ReAOH\REPTILES\194118_1.tif"
"176291_1",176291,1,"Bradypodion dracomontanum","NT","E:\Priority program\Re-PriorityProgram20220903\ReAOH\REPTILES\176291_1.tif"
"104775082_1",104775082,1,"Sphenomorphus mimicus","DD","E:\Priority program\Re-PriorityProgram20220903\ReAOH\REPTILES\104775082_1.tif"
"64186_1",64186,1,"Anolis barkeri","VU","E:\Priority program\Re-PriorityProgram20220903\ReAOH\REPTILES\64186_1.tif"
"198524_1",198524,1,"Trapelus flavimaculatus","LC","E:\Priority program\Re-PriorityProgram20220903\ReAOH\REPTILES\198524_1.tif"
"197186_1",197186,1,"Calliophis haematoetron","EN","E:\Priority program\Re-PriorityProgram20220903\ReAOH\REPTILES\197186_1.tif"
"109452166_1",109452166,1,"Concinnia brachysoma","LC","E:\Priority program\Re-PriorityProgram20220903\ReAOH\REPTILES\109452166_1.tif"
